year,state,product_group,complaints
2023,NY,Credit reporting,63101
2023,FL,Mortgage,2782
2023,TX,Debt collection,7960
2023,CA,Bank account,7572
2023,CA,Credit card,7315
2023,PR,Bank account,72
2023,WA,Bank account,941
2023,CT,Credit reporting,6637
2023,IN,Debt collection,883
2023,KS,Credit reporting,2181
2023,NE,Bank account,156
2023,RI,Credit reporting,1577
2023,AR,Money transfer/crypto,67
2023,WI,Bank account,354
2023,MD,Student loan,312
2023,MO,Student loan,173
2023,NJ,Payday/personal loan,190
2023,OH,Mortgage,592
2023,MN,Credit reporting,5579
2023,NE,Credit card,361
2023,NH,Bank account,108
2023,PA,Money transfer/crypto,427
2023,CO,Credit card,785
2023,TX,Vehicle loan or lease,1243
2023,NC,Payday/personal loan,221
2023,WI,Credit card,675
2023,GA,Mortgage,1273
2023,WV,Mortgage,108
2023,IN,Vehicle loan or lease,142
2023,TN,Mortgage,337
2023,IL,Money transfer/crypto,461
2024,TX,Credit card,10172
2024,NY,Credit reporting,159769
2024,SC,Credit reporting,45845
2024,NV,Credit card,1083
2024,MD,Debt collection,3465
2024,MI,Credit card,1543
2024,KS,Credit reporting,4429
2024,CA,Debt collection,13924
2024,GA,Money transfer/crypto,678
2024,MA,Credit card,1472
2024,MO,Credit reporting,24075
2024,TX,Bank account,4365
2024,MS,Credit reporting,26419
2024,CO,Student loan,312
2024,SD,Vehicle loan or lease,18
2024,MT,Student loan,42
2024,OH,Debt collection,3653
2024,OH,Vehicle loan or lease,423
2024,CT,Mortgage,257
2024,VA,Credit card,2156
2024,VA,Bank account,1536
2024,CA,Vehicle loan or lease,1319
2024,NJ,Debt collection,4018
2024,NV,Bank account,809
2024,OK,Debt collection,1062
2024,SD,Debt collection,100
2024,IA,Debt collection,405
2024,LA,Debt collection,3243
2024,MD,Vehicle loan or lease,399
2024,MA,Bank account,1008
2024,AR,Prepaid card,60
2024,OR,Bank account,473
2024,IL,Money transfer/crypto,599
2024,PA,Payday/personal loan,276
2025,TX,Credit reporting,698572
2025,ME,Money transfer/crypto,69
2025,FL,Bank account,8256
2025,OH,Money transfer/crypto,2252
2025,KS,Credit reporting,9846
2025,SC,Money transfer/crypto,2177
2025,MA,Credit reporting,57344
2025,FL,Credit card,8642
2025,MI,Bank account,2222
2025,IA,Bank account,284
2025,WV,Money transfer/crypto,229
2025,LA,Credit reporting,117480
2025,IL,Debt collection,10393
2025,NJ,Vehicle loan or lease,688
2025,VA,Debt or credit management,106
2025,NC,Student loan,724
2025,MI,Credit card,1815
2025,MO,Student loan,321
2025,AR,Payday/personal loan,105
2025,CA,Payday/personal loan,1498
2025,DC,Money transfer/crypto,264
2025,VA,Prepaid card,135
2025,UT,Student loan,154
2025,KY,Vehicle loan or lease,172
2025,NY,Prepaid card,452
2025,GA,Student loan,1235
2025,CA,Prepaid card,1301
2025,MD,Student loan,602
2025,NY,Debt or credit management,222
2026,GA,Credit reporting,356192
2026,ID,Credit reporting,3289
2026,PR,Credit reporting,19270
2026,OH,Credit reporting,84667
2026,TX,Payday/personal loan,1613
2026,TN,Credit reporting,64269
2026,NY,Payday/personal loan,579
2026,CA,Mortgage,2921
2026,MO,Debt collection,2597
2026,IL,Debt collection,7880
2026,PA,Debt collection,7784
2026,MI,Payday/personal loan,296
2026,PA,Vehicle loan or lease,619
2026,FL,Debt or credit management,467
2026,MA,Student loan,300
2017,MS,Student loan,104
2017,FL,Credit reporting,8815
2017,CA,Mortgage,4591
2017,TX,Credit reporting,9547
2017,PA,Credit card,801
2017,NY,Mortgage,2319
2017,NC,Student loan,550
2017,IN,Credit reporting,1191
2017,MN,Debt collection,401
2017,AZ,Mortgage,685
2017,MA,Credit card,526
2017,OH,Debt collection,1479
2017,ND,Credit reporting,192
2017,UT,Mortgage,205
2017,WI,Payday/personal loan,59
2017,NH,Student loan,96
2017,KY,Credit card,138
2017,PA,Bank account,796
2017,MN,Vehicle loan or lease,55
2017,WA,Bank account,404
2017,CO,Payday/personal loan,59
2017,OR,Debt collection,388
2017,GA,Money transfer/crypto,113
2017,WA,Credit card,453
2017,NJ,Payday/personal loan,113
2017,VA,Money transfer/crypto,98
2017,IL,Student loan,594
2017,PR,Mortgage,58
2017,KS,Credit reporting,566
2017,OH,Vehicle loan or lease,196
2017,MA,Bank account,424
2017,MO,Debt collection,706
2017,AR,Debt collection,284
2017,HI,Debt collection,133
2017,NE,Credit reporting,241
2017,DC,Credit reporting,365
2017,AL,Money transfer/crypto,25
2017,KY,Bank account,102
2017,AR,Vehicle loan or lease,46
2012,VA,Credit card,513
2012,FL,Mortgage,4164
2013,UT,Credit reporting,65
2014,OH,Credit card,502
2012,NJ,Mortgage,1462
2012,MN,Credit card,198
2012,MN,Bank account,170
2012,NY,Credit card,1486
2012,TN,Mortgage,450
2013,MA,Mortgage,902
2012,NC,Mortgage,1041
2015,PA,Debt collection,1366
2013,MD,Debt collection,282
2012,MS,Mortgage,113
2013,NY,Credit card,1222
2011,FL,Credit card,141
2014,TX,Debt collection,3860
2013,NJ,Credit card,584
2013,TN,Credit card,194
2017,CO,Prepaid card,4
2012,NY,Bank account,1210
2013,TX,Mortgage,2263
2013,NY,Bank account,1120
2012,GA,Bank account,456
2015,NY,Mortgage,2840
2012,MD,Student loan,82
2012,GA,Credit card,526
2013,KS,Mortgage,169
2015,TX,Credit reporting,3570
2011,NY,Credit card,118
2013,VA,Payday/personal loan,26
2013,WI,Credit reporting,122
2015,MI,Debt collection,951
2012,DC,Vehicle loan or lease,8
2013,NM,Credit card,60
2013,CO,Credit card,258
2016,FL,Debt collection,4056
2016,NC,Other financial service,21
2014,MA,Mortgage,767
2016,TX,Debt collection,4137
2015,FL,Debt collection,3717
2013,IL,Money transfer/crypto,30
2017,DE,Payday/personal loan,34
2015,CA,Payday/personal loan,670
2014,VA,Debt collection,1215
2015,WI,Debt collection,419
2016,CA,Mortgage,6846
2015,VA,Mortgage,1360
2017,WI,Prepaid card,8
2014,NJ,Payday/personal loan,133
2016,WA,Debt collection,903
2015,OH,Debt collection,1334
2016,GA,Student loan,342
2014,OK,Debt collection,414
2015,AZ,Debt collection,973
2016,NY,Debt collection,2323
2017,MI,Prepaid card,13
2014,CA,Payday/personal loan,415
2014,MO,Debt collection,649
2016,AZ,Mortgage,926
2015,FL,Vehicle loan or lease,451
2014,MS,Debt collection,231
2016,MI,Mortgage,768
2016,SC,Debt collection,558
2016,AR,Debt collection,210
2016,OR,Debt collection,519
2016,CT,Debt collection,365
2014,NM,Debt collection,242
2015,MS,Debt collection,219
2014,NY,Credit reporting,1933
2013,ME,Credit reporting,26
2015,NV,Debt collection,579
2016,NM,Bank account,83
2013,OR,Payday/personal loan,16
2015,AL,Debt collection,520
2017,WV,Payday/personal loan,7
2015,NH,Bank account,75
2017,ID,Payday/personal loan,19
2014,OR,Other financial service,2
2016,VA,Payday/personal loan,187
2015,DE,Debt collection,213
2016,ND,Bank account,20
2015,DC,Debt collection,174
2016,MD,Payday/personal loan,139
2015,GA,Student loan,173
2015,DE,Vehicle loan or lease,30
2015,MN,Payday/personal loan,41
2013,FL,Debt collection,954
2016,NC,Credit card,586
2016,VI,Debt collection,8
2015,VT,Mortgage,55
2016,IL,Credit card,771
2015,MA,Payday/personal loan,53
2013,WA,Debt collection,247
2016,SC,Vehicle loan or lease,99
2015,TN,Payday/personal loan,141
2014,IL,Mortgage,1429
2017,HI,Vehicle loan or lease,14
2013,SC,Mortgage,511
2016,MA,Payday/personal loan,65
2017,NJ,Prepaid card,12
2016,TX,Vehicle loan or lease,534
2016,CT,Vehicle loan or lease,65
2015,OR,Payday/personal loan,57
2011,WI,Mortgage,12
2017,RI,Payday/personal loan,7
2016,KY,Credit card,125
2016,PR,Student loan,21
2015,NJ,Credit reporting,1152
2016,OK,Payday/personal loan,78
2015,LA,Payday/personal loan,89
2017,OK,Prepaid card,5
2016,TN,Credit reporting,692
2015,ID,Credit card,66
2016,FL,Vehicle loan or lease,503
2011,TX,Mortgage,61
2016,NY,Vehicle loan or lease,327
2013,CO,Bank account,219
2016,MS,Student loan,41
2017,PA,Other financial service,6
2015,SD,Payday/personal loan,7
2015,WA,Credit reporting,832
2013,IA,Credit card,73
2013,NJ,Bank account,693
2013,DE,Bank account,90
2013,CA,Student loan,280
2013,IA,Bank account,51
2012,WV,Mortgage,68
2012,VA,Bank account,334
2012,KS,Credit card,93
2012,KS,Bank account,42
2013,FL,Vehicle loan or lease,196
2014,MT,Credit reporting,58
2015,IN,Credit card,179
2016,NJ,Money transfer/crypto,57
2014,PA,Student loan,254
2016,NC,Bank account,612
2015,OH,Vehicle loan or lease,217
2014,FL,Credit reporting,2534
2015,MO,Credit card,200
2016,VA,Prepaid card,46
2014,OR,Credit card,170
2014,VA,Vehicle loan or lease,149
2015,IN,Bank account,197
2014,KY,Mortgage,239
2016,VT,Student loan,29
2015,AZ,Vehicle loan or lease,136
2014,LA,Mortgage,365
2014,AZ,Mortgage,943
2013,OK,Mortgage,217
2014,WV,Bank account,27
2016,AL,Mortgage,341
2016,IL,Bank account,1011
2014,AL,Mortgage,272
2016,DC,Mortgage,241
2015,IA,Student loan,30
2013,WA,Vehicle loan or lease,47
2015,PA,Vehicle loan or lease,188
2016,PA,Money transfer/crypto,57
2015,MI,Vehicle loan or lease,125
2015,AL,Vehicle loan or lease,93
2014,MS,Vehicle loan or lease,22
2011,IL,Mortgage,34
2012,WA,Credit card,294
2016,IA,Student loan,58
2014,TX,Vehicle loan or lease,320
2013,NM,Bank account,61
2014,MD,Student loan,148
2013,MD,Vehicle loan or lease,91
2012,PR,Credit card,50
2016,NE,Credit card,68
2012,AR,Credit card,73
2014,OR,Bank account,188
2012,LA,Payday/personal loan,6
2016,HI,Mortgage,145
2015,NE,Bank account,47
2014,OH,Bank account,424
2014,GA,Credit reporting,1240
2014,WA,Money transfer/crypto,29
2016,RI,Mortgage,134
2015,ME,Student loan,30
2012,CA,Student loan,272
2016,MO,Credit reporting,616
2015,NC,Credit reporting,1081
2016,CO,Credit reporting,803
2015,CO,Credit reporting,526
2013,IN,Credit reporting,237
2012,TX,Credit reporting,170
2015,UT,Credit reporting,157
2012,IN,Credit reporting,24
2013,AZ,Credit reporting,311
2014,PR,Credit reporting,133
2013,MO,Credit reporting,177
2016,AK,Credit reporting,51
2014,ID,Credit reporting,78
2014,VT,Bank account,21
2015,KY,Payday/personal loan,48
2014,CO,Payday/personal loan,52
2013,NE,Vehicle loan or lease,12
2012,IL,Student loan,144
2012,KY,Student loan,24
2015,TN,Prepaid card,37
2013,TN,Bank account,214
2014,ND,Student loan,5
2014,UT,Mortgage,250
2015,CA,Prepaid card,219
2012,WA,Bank account,226
2015,MO,Bank account,202
2016,ME,Student loan,32
2014,CA,Prepaid card,64
2012,AZ,Vehicle loan or lease,39
2016,IL,Other financial service,11
2015,NE,Credit card,73
2011,OR,Credit card,14
2016,NH,Credit reporting,125
2013,NV,Credit reporting,160
2013,HI,Credit card,52
2015,AP,Mortgage,11
2012,AR,Bank account,49
2013,LA,Debt collection,138
2015,SC,Money transfer/crypto,23
2015,DC,Vehicle loan or lease,36
2015,PR,Mortgage,75
2012,PR,Bank account,22
2015,VI,Mortgage,11
2012,PA,Payday/personal loan,26
2015,MS,Vehicle loan or lease,46
2012,AK,Credit reporting,9
2016,KY,Bank account,124
2012,HI,Vehicle loan or lease,6
2016,WA,Vehicle loan or lease,86
2014,CO,Prepaid card,10
2016,NM,Credit card,87
2014,NH,Money transfer/crypto,3
2013,AP,Credit card,4
2012,NV,Vehicle loan or lease,10
2014,IA,Credit reporting,110
2015,RI,Payday/personal loan,20
2012,OR,Vehicle loan or lease,17
2014,KS,Student loan,21
2011,ID,Mortgage,4
2014,DC,Mortgage,204
2016,OR,Vehicle loan or lease,50
2011,AL,Mortgage,8
2013,LA,Vehicle loan or lease,18
2016,NM,Other financial service,4
2013,MS,Credit card,44
2015,MN,Prepaid card,23
2018,CA,Bank account,3087
2018,TX,Debt collection,6685
2018,FL,Debt collection,5278
2018,IL,Debt collection,2019
2018,CA,Credit card,3668
2018,OH,Credit card,814
2018,NJ,Credit card,916
2018,AZ,Payday/personal loan,106
2018,IA,Payday/personal loan,21
2018,TX,Vehicle loan or lease,510
2018,FL,Vehicle loan or lease,549
2018,WA,Credit reporting,1287
2018,MO,Credit reporting,1914
2018,MD,Payday/personal loan,127
2018,MI,Mortgage,426
2018,NY,Debt collection,2944
2018,NV,Credit card,290
2018,NJ,Bank account,848
2018,GA,Payday/personal loan,178
2018,IN,Mortgage,247
2018,VA,Debt collection,1213
2018,NC,Debt collection,1615
2018,DC,Bank account,123
2018,VA,Vehicle loan or lease,162
2018,NE,Credit card,77
2018,CT,Student loan,119
2018,WI,Mortgage,229
2018,TN,Money transfer/crypto,64
2018,SC,Money transfer/crypto,50
2018,MA,Vehicle loan or lease,113
2018,NY,Vehicle loan or lease,328
2018,OH,Bank account,631
2018,MT,Student loan,22
2018,NV,Bank account,310
2018,LA,Money transfer/crypto,43
2018,ID,Credit card,75
2018,MA,Debt collection,602
2018,CO,Mortgage,423
2018,NH,Debt collection,115
2018,OK,Credit reporting,508
2018,HI,Credit reporting,334
2018,MN,Student loan,155
2018,NC,Vehicle loan or lease,212
2018,KS,Student loan,56
2018,KY,Money transfer/crypto,36
2018,VT,Bank account,25
2018,DC,Credit card,134
2018,WV,Credit reporting,182
2020,RI,Student loan,17
2020,CA,Credit reporting,33367
2020,IL,Credit reporting,9157
2020,LA,Credit reporting,5102
2020,NJ,Credit reporting,8284
2020,TX,Student loan,312
2020,UT,Credit reporting,2225
2020,SC,Credit reporting,5335
2020,DE,Money transfer/crypto,51
2020,ID,Credit card,81
2020,NH,Mortgage,103
2020,MA,Mortgage,485
2020,AZ,Credit card,702
2020,MO,Bank account,251
2020,MD,Bank account,647
2020,CO,Credit reporting,1989
2020,MN,Debt collection,507
2020,AZ,Bank account,534
2020,NC,Debt collection,1405
2020,WA,Credit reporting,2262
2020,MO,Credit card,341
2020,FL,Payday/personal loan,325
2020,ID,Bank account,48
2020,CT,Money transfer/crypto,101
2020,IN,Mortgage,275
2020,NY,Money transfer/crypto,518
2020,MD,Credit card,767
2020,NV,Mortgage,290
2020,AL,Mortgage,218
2020,OH,Mortgage,511
2020,MS,Debt collection,329
2020,OR,Credit card,394
2020,TN,Payday/personal loan,124
2020,PA,Student loan,180
2020,OR,Bank account,235
2020,AE,Credit reporting,41
2020,KS,Mortgage,100
2020,NC,Vehicle loan or lease,227
2020,OK,Mortgage,161
2020,AK,Credit reporting,251
2022,VA,Credit reporting,13918
2022,GA,Mortgage,1148
2022,AR,Credit reporting,3895
2022,CT,Mortgage,355
2022,FL,Mortgage,2574
2022,CA,Mortgage,3065
2022,TN,Bank account,567
2022,SC,Payday/personal loan,125
2022,WA,Money transfer/crypto,286
2022,OK,Credit reporting,2896
2022,NY,Bank account,3263
2022,TN,Credit card,566
2022,MO,Credit reporting,7750
2022,IL,Debt collection,2416
2022,OH,Money transfer/crypto,340
2022,PA,Debt collection,2390
2022,IA,Bank account,162
2022,KS,Debt collection,309
2022,KY,Credit reporting,2612
2022,IL,Vehicle loan or lease,381
2022,WV,Bank account,110
2022,AL,Debt collection,1000
2022,NY,Credit card,3392
2022,NV,Debt collection,903
2022,PR,Mortgage,75
2022,MA,Debt collection,622
2022,AZ,Money transfer/crypto,278
2022,IN,Payday/personal loan,104
2022,MI,Student loan,271
2023,UT,Mortgage,153
2023,ME,Bank account,102
2023,CO,Bank account,734
2023,MI,Money transfer/crypto,299
2023,WA,Credit card,982
2023,ND,Credit reporting,554
2023,MA,Payday/personal loan,72
2023,OR,Student loan,206
2023,NH,Credit card,146
2023,LA,Payday/personal loan,144
2023,IA,Debt collection,323
2023,VI,Credit reporting,183
2023,ME,Credit card,153
2023,IA,Vehicle loan or lease,26
2023,PR,Credit card,105
2023,HI,Bank account,116
2023,VA,Student loan,384
2023,AK,Student loan,19
2023,HI,Credit card,179
2023,DC,Money transfer/crypto,85
2023,SC,Student loan,137
2023,MS,Money transfer/crypto,72
2023,AL,Money transfer/crypto,135
2023,SD,Mortgage,29
2023,ID,Mortgage,75
2023,AP,Credit card,15
2023,NM,Student loan,33
2023,GU,Vehicle loan or lease,2
2023,AP,Bank account,7
2023,UNITED STATES MINOR OUTLYING ISLANDS,Bank account,4
2023,VT,Payday/personal loan,4
2023,KY,Payday/personal loan,68
2023,LA,Prepaid card,25
2023,WY,Prepaid card,3
2023,MA,Prepaid card,51
2023,NJ,Prepaid card,64
2023,NC,Prepaid card,62
2023,KY,Debt or credit management,4
2023,KY,Prepaid card,20
2023,NC,Debt or credit management,18
2023,MA,Debt or credit management,5
2023,NJ,Debt or credit management,10
2023,MT,Student loan,23
2023,VT,Prepaid card,2
2024,NM,Vehicle loan or lease,33
2024,MI,Bank account,1229
2024,WA,Money transfer/crypto,385
2024,LA,Vehicle loan or lease,301
2024,OR,Credit card,522
2024,AK,Vehicle loan or lease,9
2024,NE,Bank account,165
2024,UT,Mortgage,142
2024,PR,Prepaid card,3
2024,DE,Money transfer/crypto,82
2024,ME,Credit reporting,1147
2024,ND,Vehicle loan or lease,13
2024,OK,Vehicle loan or lease,97
2024,NH,Vehicle loan or lease,37
2024,AR,Payday/personal loan,51
2024,PA,Prepaid card,135
2024,NM,Debt collection,390
2024,IA,Vehicle loan or lease,44
2024,WI,Mortgage,199
2024,NJ,Vehicle loan or lease,422
2024,NE,Credit card,354
2024,MN,Mortgage,259
2024,ND,Debt collection,166
2024,DC,Money transfer/crypto,98
2024,IN,Money transfer/crypto,203
2024,PA,Debt or credit management,82
2024,AK,Debt collection,121
2024,ID,Mortgage,75
2024,NH,Debt collection,163
2024,AR,Debt or credit management,22
2024,WY,Student loan,19
2024,VT,Debt collection,37
2024,VT,Vehicle loan or lease,15
2024,AE,Bank account,13
2024,PR,Payday/personal loan,10
2024,AE,Credit card,20
2025,PA,Debt collection,9844
2025,CT,Debt or credit management,37
2025,VI,Money transfer/crypto,8
2025,RI,Credit card,410
2025,NJ,Debt collection,6741
2025,CO,Payday/personal loan,186
2025,WI,Debt or credit management,53
2025,PA,Vehicle loan or lease,738
2025,OR,Student loan,281
2025,IL,Vehicle loan or lease,843
2025,OK,Mortgage,209
2025,IA,Credit card,302
2025,CO,Prepaid card,95
2025,WA,Student loan,392
2025,KY,Debt collection,1541
2025,MS,Payday/personal loan,180
2025,NY,Payday/personal loan,478
2025,AL,Prepaid card,82
2025,ND,Prepaid card,8
2025,SD,Credit reporting,1174
2025,CA,Debt or credit management,380
2025,UNITED STATES MINOR OUTLYING ISLANDS,Debt collection,14
2025,PR,Payday/personal loan,28
2025,RI,Bank account,183
2025,ID,Debt collection,477
2025,AL,Debt or credit management,83
2025,NE,Debt collection,571
2025,IN,Payday/personal loan,204
2025,MS,Prepaid card,71
2025,IN,Prepaid card,106
2025,AZ,Mortgage,518
2025,MN,Payday/personal loan,102
2025,AL,Payday/personal loan,268
2025,VA,Payday/personal loan,363
2025,NE,Vehicle loan or lease,43
2025,AR,Debt or credit management,42
2025,AK,Debt collection,163
2025,DE,Student loan,105
2025,WI,Payday/personal loan,147
2025,NM,Student loan,77
2025,MT,Debt collection,173
2025,AE,Debt collection,60
2025,AK,Vehicle loan or lease,20
2025,WY,Credit reporting,769
2025,MS,Debt or credit management,67
2025,CT,Prepaid card,77
2025,AR,Prepaid card,68
2025,IN,Debt or credit management,53
2025,MN,Debt or credit management,36
2025,MN,Prepaid card,70
2025,HI,Mortgage,70
2025,CO,Debt or credit management,62
2025,VT,Mortgage,27
2025,NH,Payday/personal loan,20
2025,WI,Prepaid card,60
2025,UNITED STATES MINOR OUTLYING ISLANDS,Vehicle loan or lease,2
2025,NH,Prepaid card,25
2025,MT,Vehicle loan or lease,31
2025,CT,Payday/personal loan,85
2025,ID,Vehicle loan or lease,41
2025,ND,Payday/personal loan,11
2025,PR,Debt or credit management,9
2025,AS,Credit reporting,171
2025,AP,Student loan,4
2025,PR,Prepaid card,5
2026,SC,Mortgage,466
2026,FL,Payday/personal loan,1477
2026,LA,Bank account,675
2026,CO,Mortgage,534
2026,IL,Vehicle loan or lease,689
2026,VA,Money transfer/crypto,728
2026,LA,Credit card,608
2026,NY,Debt or credit management,141
2026,DC,Money transfer/crypto,101
2026,WI,Student loan,184
2026,MO,Vehicle loan or lease,264
2026,NC,Student loan,546
2026,FL,Prepaid card,268
2026,MD,Student loan,414
2026,IN,Mortgage,344
2026,DE,Debt collection,955
2026,NJ,Student loan,478
2026,VT,Debt or credit management,3
2026,NY,Prepaid card,317
2026,AL,Mortgage,349
2026,OR,Payday/personal loan,143
2026,TX,Prepaid card,288
2026,OK,Mortgage,214
2026,NV,Money transfer/crypto,317
2026,ME,Credit card,177
2026,MN,Mortgage,293
2026,TX,Debt or credit management,356
2026,KY,Student loan,130
2026,MI,Debt or credit management,87
2026,NE,Debt collection,419
2026,AZ,Student loan,240
2026,MI,Prepaid card,131
2026,AR,Money transfer/crypto,214
2026,AK,Debt collection,190
2026,UT,Student loan,99
2026,WV,Mortgage,56
2026,DE,Vehicle loan or lease,84
2026,ME,Bank account,95
2026,MS,Student loan,147
2026,NH,Student loan,50
2026,MT,Money transfer/crypto,52
2026,NM,Money transfer/crypto,101
2026,AK,Vehicle loan or lease,12
2026,OR,Prepaid card,48
2026,VI,Debt collection,14
2026,RI,Student loan,46
2026,WY,Debt collection,116
2026,OR,Debt or credit management,15
2026,ND,Mortgage,13
2026,NE,Vehicle loan or lease,60
2026,AP,Mortgage,2
2026,SD,Prepaid card,7
2026,VT,Prepaid card,2
2026,WY,Vehicle loan or lease,16
2017,OR,Vehicle loan or lease,33
2017,MI,Payday/personal loan,111
2017,MO,Vehicle loan or lease,85
2017,OK,Payday/personal loan,52
2017,VT,Credit card,45
2017,ME,Payday/personal loan,20
2017,SD,Mortgage,37
2017,AK,Mortgage,25
2017,NM,Student loan,48
2017,CT,Payday/personal loan,33
2017,VT,Bank account,29
2013,DE,Credit card,91
2016,AR,Vehicle loan or lease,35
2012,OH,Credit reporting,84
2014,IN,Money transfer/crypto,11
2014,MI,Money transfer/crypto,22
2013,CT,Student loan,63
2015,NV,Vehicle loan or lease,60
2015,AK,Credit card,23
2015,WI,Vehicle loan or lease,53
2015,NH,Credit card,76
2015,WV,Money transfer/crypto,8
2016,WV,Credit reporting,124
2012,MA,Credit reporting,30
2012,OK,Credit reporting,12
2016,FM,Credit reporting,4
2012,MI,Payday/personal loan,11
2014,TN,Money transfer/crypto,12
2014,NC,Money transfer/crypto,31
2013,VT,Credit reporting,22
2013,DC,Student loan,31
2014,MO,Vehicle loan or lease,59
2016,LA,Payday/personal loan,94
2013,RI,Student loan,7
2016,OK,Prepaid card,9
2013,NC,Money transfer/crypto,17
2015,NM,Money transfer/crypto,15
2017,MT,Money transfer/crypto,7
2017,AE,Money transfer/crypto,3
2017,WY,Payday/personal loan,3
2018,NH,Vehicle loan or lease,31
2018,NE,Bank account,46
2018,VT,Credit card,38
2018,AR,Credit card,97
2018,IL,Vehicle loan or lease,198
2018,ME,Student loan,37
2018,PR,Mortgage,102
2018,ND,Mortgage,15
2018,ID,Bank account,42
2018,AR,Bank account,76
2018,UT,Student loan,47
2018,AE,Payday/personal loan,3
2020,NE,Credit reporting,281
2020,MN,Vehicle loan or lease,81
2020,PR,Mortgage,49
2020,AR,Student loan,17
2020,IA,Credit card,129
2020,VT,Credit card,51
2020,ME,Money transfer/crypto,17
2020,VT,Bank account,40
2020,MI,Payday/personal loan,86
2020,WY,Mortgage,18
2020,HI,Money transfer/crypto,20
2020,NM,Payday/personal loan,17
2020,SD,Credit reporting,87
2020,MT,Payday/personal loan,4
2020,WV,Student loan,19
2020,IA,Bank account,71
2020,ND,Student loan,7
2020,AP,Student loan,4
2020,MS,Vehicle loan or lease,34
2020,DC,Payday/personal loan,14
2022,CO,Student loan,150
2022,MT,Credit reporting,404
2022,NC,Money transfer/crypto,379
2022,MD,Money transfer/crypto,327
2022,OR,Student loan,129
2022,MA,Vehicle loan or lease,127
2022,IA,Credit card,190
2022,MN,Mortgage,264
2022,WI,Payday/personal loan,65
2022,LA,Bank account,329
2022,UT,Debt collection,349
2022,KS,Vehicle loan or lease,39
2022,NM,Payday/personal loan,27
2022,SD,Mortgage,24
2022,PA,Vehicle loan or lease,340
2022,AK,Mortgage,48
2022,LA,Credit card,348
2022,NV,Vehicle loan or lease,106
2022,ND,Credit reporting,301
2022,VT,Payday/personal loan,4
2022,UT,Vehicle loan or lease,52
2022,WV,Credit card,81
2022,ME,Student loan,42
2022,NH,Student loan,48
2022,VI,Student loan,1
2022,RI,Payday/personal loan,19
2022,MS,Student loan,62
2022,AP,Credit card,17
2022,ID,Payday/personal loan,17
2022,DE,Student loan,33
2022,AL,Vehicle loan or lease,118
2022,NE,Payday/personal loan,18
2022,WY,Student loan,4
2022,AE,Money transfer/crypto,5
2014,OK,Vehicle loan or lease,31
2016,IN,Money transfer/crypto,18
2016,MT,Student loan,16
2014,VT,Credit card,19
2017,ME,Prepaid card,2
2013,AR,Credit card,63
2013,MS,Bank account,40
2016,MD,Prepaid card,38
2015,OR,Prepaid card,18
2016,NE,Bank account,54
2015,KY,Prepaid card,13
2011,AZ,Mortgage,29
2011,OK,Mortgage,5
2015,LA,Prepaid card,28
2015,ID,Bank account,36
2013,PA,Money transfer/crypto,28
2017,WA,Other financial service,2
2013,HI,Bank account,21
2012,ME,Vehicle loan or lease,6
2012,UT,Vehicle loan or lease,6
2013,MI,Money transfer/crypto,10
2014,MN,Money transfer/crypto,24
2011,RI,Mortgage,7
2014,RI,Money transfer/crypto,5
2014,WV,Credit card,33
2014,SC,Money transfer/crypto,10
2015,AK,Bank account,11
2015,ND,Student loan,2
2013,AP,Bank account,1
2011,NE,Mortgage,2
2014,NE,Student loan,20
2015,AE,Credit reporting,13
2012,AP,Bank account,3
2011,MO,Credit card,14
2016,WY,Student loan,11
2014,AP,Credit card,6
2013,KY,Student loan,27
2012,SD,Student loan,3
2018,RI,Student loan,30
2021,FL,Money transfer/crypto,1049
2021,NC,Credit card,775
2021,CA,Mortgage,4084
2021,OR,Credit reporting,905
2021,IN,Credit reporting,2327
2021,AL,Credit reporting,9480
2021,NY,Bank account,2577
2021,NY,Credit card,2827
2021,MD,Money transfer/crypto,303
2021,UT,Credit reporting,1426
2021,MA,Credit card,956
2021,MS,Debt collection,561
2021,DE,Debt collection,367
2021,MA,Bank account,573
2021,ND,Credit card,28
2021,NJ,Money transfer/crypto,402
2021,GA,Credit card,1168
2021,SC,Payday/personal loan,155
2021,IL,Credit card,1108
2021,OH,Student loan,157
2021,NC,Bank account,776
2021,CT,Debt collection,507
2021,GA,Bank account,1262
2021,VA,Money transfer/crypto,317
2021,IA,Credit reporting,753
2021,AZ,Money transfer/crypto,235
2021,PA,Student loan,199
2021,AR,Credit reporting,1383
2023,LA,Debt or credit management,4
2023,WY,Payday/personal loan,8
2023,GU,Debt collection,3
2024,AP,Mortgage,4
2024,GU,Credit card,2
2025,AE,Vehicle loan or lease,7
2026,GU,Debt or credit management,1
2026,VT,Payday/personal loan,11
2026,SD,Payday/personal loan,19
2014,NM,Vehicle loan or lease,12
2012,MT,Vehicle loan or lease,3
2012,NH,Vehicle loan or lease,1
2013,AR,Bank account,60
2012,GU,Bank account,2
2012,WI,Payday/personal loan,10
2012,RI,Credit reporting,9
2016,MA,Prepaid card,19
2013,NE,Debt collection,32
2015,MA,Prepaid card,40
2016,UT,Student loan,49
2013,AL,Student loan,27
2012,WY,Credit reporting,3
2016,LA,Prepaid card,14
2013,MP,Student loan,1
2013,AK,Money transfer/crypto,3
2014,HI,Student loan,10
2013,OH,Money transfer/crypto,21
2012,CT,Credit reporting,19
2016,AP,Mortgage,7
2014,AE,Bank account,6
2013,AA,Credit card,1
2013,GA,Payday/personal loan,31
2015,MP,Credit reporting,1
2014,AK,Money transfer/crypto,1
2015,MH,Mortgage,3
2017,WV,Prepaid card,3
2018,SD,Mortgage,21
2018,GU,Credit card,4
2018,AK,Payday/personal loan,4
2018,GU,Bank account,1
2018,AA,Mortgage,2
2018,UNITED STATES MINOR OUTLYING ISLANDS,Student loan,1
2018,AP,Mortgage,4
2020,UNITED STATES MINOR OUTLYING ISLANDS,Money transfer/crypto,2
2021,IL,Bank account,1209
2021,TX,Mortgage,2002
2021,OK,Credit card,200
2021,RI,Mortgage,100
2021,WI,Mortgage,257
2021,ID,Credit card,77
2021,UNITED STATES MINOR OUTLYING ISLANDS,Debt collection,13
2021,OK,Bank account,182
2021,MN,Student loan,55
2021,VT,Credit reporting,62
2021,CT,Vehicle loan or lease,110
2021,TN,Payday/personal loan,122
2021,NV,Payday/personal loan,69
2021,NE,Money transfer/crypto,23
2021,MI,Student loan,134
2021,WV,Debt collection,123
2021,ID,Bank account,70
2021,AE,Credit reporting,36
2021,NH,Mortgage,99
2021,DE,Vehicle loan or lease,36
2021,AP,Credit reporting,18
2021,NM,Credit card,114
2021,WA,Student loan,85
2021,NM,Bank account,98
2021,AK,Student loan,9
2021,MS,Vehicle loan or lease,47
2021,ME,Money transfer/crypto,36
2021,ND,Bank account,11
2022,GU,Mortgage,4
2022,AP,Bank account,5
2012,AL,Payday/personal loan,10
2014,NJ,Prepaid card,13
2016,ND,Credit card,20
2015,MO,Other financial service,4
2016,MN,Money transfer/crypto,20
2019,FL,Mortgage,2072
2019,WA,Credit card,486
2019,GA,Debt collection,2896
2019,VA,Debt collection,1116
2019,VA,Vehicle loan or lease,166
2019,NV,Money transfer/crypto,65
2019,WA,Bank account,406
2019,NJ,Bank account,812
2019,MA,Credit card,735
2019,MA,Bank account,475
2019,TX,Money transfer/crypto,364
2019,NJ,Credit card,1018
2019,DC,Money transfer/crypto,38
2019,MS,Debt collection,297
2019,WI,Credit reporting,855
2019,TN,Credit reporting,2537
2019,CT,Credit card,338
2019,AZ,Student loan,133
2019,CT,Bank account,366
2019,SC,Debt collection,1178
2019,PA,Payday/personal loan,94
2019,AR,Mortgage,111
2019,MD,Student loan,205
2019,UT,Credit card,167
2019,MI,Mortgage,489
2019,ID,Debt collection,130
2019,GA,Vehicle loan or lease,274
2019,MT,Debt collection,71
2019,KY,Bank account,122
2019,CA,Payday/personal loan,536
2019,OH,Student loan,274
2019,NC,Mortgage,649
2019,NE,Credit reporting,155
2019,OK,Money transfer/crypto,28
2019,ME,Debt collection,91
2019,AL,Mortgage,219
2019,ND,Money transfer/crypto,3
2019,HI,Mortgage,65
2020,GU,Credit reporting,4
2020,AA,Credit reporting,7
2024,MP,Debt collection,3
2024,GU,Bank account,7
2024,UNITED STATES MINOR OUTLYING ISLANDS,Money transfer/crypto,5
2025,GU,Debt or credit management,1
2025,MP,Credit reporting,21
2025,PW,Bank account,1
2025,NH,Debt or credit management,5
2026,VI,Vehicle loan or lease,1
2026,AE,Mortgage,8
2017,CT,Prepaid card,4
2015,OK,Money transfer/crypto,3
2015,IN,Other financial service,3
2015,NH,Other financial service,1
2014,FM,Mortgage,4
2017,VT,Other financial service,1
2014,WV,Other financial service,1
2012,AP,Credit card,3
2012,ID,Vehicle loan or lease,5
2015,CT,Money transfer/crypto,8
2014,OH,Other financial service,3
2013,MN,Money transfer/crypto,3
2012,AE,Credit reporting,2
2017,MA,Other financial service,4
2014,GU,Debt collection,3
2019,KS,Payday/personal loan,29
2019,RI,Credit reporting,245
2019,OR,Mortgage,228
2019,UT,Bank account,92
2019,PR,Money transfer/crypto,8
2019,UNITED STATES MINOR OUTLYING ISLANDS,Debt collection,4
2019,IA,Credit reporting,371
2019,SC,Vehicle loan or lease,90
2019,ME,Vehicle loan or lease,20
2019,DE,Student loan,27
2019,NM,Student loan,50
2019,VT,Student loan,17
2019,SD,Payday/personal loan,9
2019,WV,Student loan,24
2019,KY,Credit card,149
2020,AS,Credit card,1
2015,RI,Prepaid card,5
2013,PW,Credit reporting,1
2021,SD,Student loan,8
2016,KY,Other financial service,5
2017,RI,Prepaid card,1
2017,DE,Prepaid card,3
2017,AP,Payday/personal loan,1
2017,KY,Other financial service,1
2021,PR,Money transfer/crypto,20
2021,WV,Vehicle loan or lease,16
2021,HI,Student loan,7
2021,KS,Student loan,31
2021,VI,Credit reporting,87
2021,GU,Credit reporting,7
2021,MT,Payday/personal loan,3
2014,DE,Money transfer/crypto,4
2023,UNITED STATES MINOR OUTLYING ISLANDS,Credit card,6
2024,VI,Prepaid card,1
2024,PR,Debt or credit management,1
2026,GU,Payday/personal loan,1
2016,DE,Money transfer/crypto,1
2012,NM,Payday/personal loan,2
2013,AS,Mortgage,1
2017,VI,Debt collection,2
2016,MP,Credit reporting,2
2016,NE,Other financial service,1
2015,SD,Prepaid card,1
2016,ND,Other financial service,1
2026,SD,Debt or credit management,4
2014,GU,Vehicle loan or lease,2
2014,AE,Credit card,3
2017,FM,Credit reporting,1
2012,GU,Credit card,2
2018,VI,Money transfer/crypto,1
2021,UNITED STATES MINOR OUTLYING ISLANDS,Vehicle loan or lease,4
2024,FM,Credit reporting,1
2019,ID,Vehicle loan or lease,9
2026,UNITED STATES MINOR OUTLYING ISLANDS,Payday/personal loan,1
2014,AP,Bank account,1
2013,AE,Student loan,1
2019,MS,Vehicle loan or lease,30
2019,AP,Money transfer/crypto,3
2019,MT,Vehicle loan or lease,9
2019,NH,Payday/personal loan,10
2023,AE,Payday/personal loan,4
2016,AE,Money transfer/crypto,2
2025,ND,Debt or credit management,1
2026,AA,Credit card,1
2019,AA,Credit reporting,1
2019,GU,Student loan,1
2022,MP,Money transfer/crypto,1
2023,NY,Debt collection,3663
2023,TX,Credit reporting,130697
2023,SC,Bank account,787
2023,IN,Credit reporting,14376
2023,MS,Payday/personal loan,79
2023,AK,Bank account,52
2023,CT,Debt collection,547
2023,NC,Money transfer/crypto,361
2023,MO,Credit card,731
2023,OR,Credit card,585
2023,VA,Bank account,1419
2023,VA,Credit card,1477
2023,NY,Vehicle loan or lease,723
2023,PA,Payday/personal loan,232
2023,OR,Bank account,518
2023,NV,Mortgage,272
2023,IA,Credit reporting,2186
2023,SC,Credit card,651
2023,NE,Student loan,62
2023,CT,Vehicle loan or lease,134
2023,CA,Student loan,1018
2023,WI,Student loan,185
2023,AZ,Mortgage,464
2023,MT,Bank account,61
2023,KS,Debt collection,385
2023,DE,Mortgage,114
2023,MI,Payday/personal loan,187
2023,OK,Mortgage,161
2023,AL,Payday/personal loan,177
2024,NJ,Credit reporting,89839
2024,MD,Credit reporting,61989
2024,SC,Debt collection,3176
2024,MO,Debt collection,2323
2024,TX,Student loan,981
2024,PA,Money transfer/crypto,570
2024,CA,Credit reporting,227073
2024,OH,Credit reporting,48880
2024,VA,Student loan,484
2024,NY,Debt collection,7471
2024,MI,Student loan,424
2024,CO,Credit card,942
2024,MT,Bank account,79
2024,LA,Credit reporting,50605
2024,FL,Mortgage,2208
2024,NY,Vehicle loan or lease,681
2024,DE,Prepaid card,21
2024,IA,Credit reporting,4386
2024,NM,Credit reporting,3843
2024,NC,Mortgage,645
2024,NH,Credit reporting,2296
2024,MA,Student loan,552
2024,MS,Debt collection,1621
2024,OK,Credit reporting,8935
2024,CO,Bank account,851
2025,AL,Money transfer/crypto,1791
2025,PA,Credit reporting,167073
2025,CA,Money transfer/crypto,8281
2025,IL,Credit reporting,210125
2025,NY,Money transfer/crypto,5376
2025,AR,Money transfer/crypto,781
2025,NC,Bank account,2942
2025,NJ,Credit reporting,149302
2025,CT,Money transfer/crypto,674
2025,MS,Money transfer/crypto,1437
2025,WA,Credit card,1587
2025,IN,Money transfer/crypto,1591
2025,FL,Student loan,1594
2025,GA,Bank account,5046
2025,WA,Bank account,1313
2025,ID,Credit reporting,3208
2025,KY,Credit reporting,17993
2025,TX,Debt collection,52706
2025,VA,Money transfer/crypto,2146
2025,LA,Debt collection,6639
2025,WI,Money transfer/crypto,937
2025,MD,Bank account,2213
2025,MN,Money transfer/crypto,828
2025,MD,Credit card,1989
2025,NC,Credit card,2769
2025,UT,Credit card,458
2025,WY,Debt collection,152
2025,CO,Money transfer/crypto,834
2025,MO,Bank account,988
2025,TX,Vehicle loan or lease,2146
2025,NH,Money transfer/crypto,96
2025,DE,Bank account,354
2025,GA,Credit card,3713
2025,PR,Money transfer/crypto,75
2025,NE,Credit reporting,6336
2025,SC,Debt or credit management,133
2025,ND,Money transfer/crypto,69
2025,AP,Bank account,38
2025,OH,Payday/personal loan,446
2026,IL,Credit reporting,204447
2026,NE,Credit reporting,6284
2026,PA,Credit reporting,156385
2026,DE,Credit reporting,16852
2026,NC,Bank account,2033
2026,MO,Credit reporting,47590
2026,OH,Debt collection,5088
2026,TX,Money transfer/crypto,2553
2026,TN,Vehicle loan or lease,349
2026,AK,Credit reporting,1988
2026,TN,Debt collection,4111
2026,WY,Credit reporting,751
2026,NJ,Bank account,2253
2026,GA,Debt collection,18751
2026,AZ,Bank account,1364
2026,NY,Money transfer/crypto,1784
2026,NJ,Credit card,2739
2026,MD,Bank account,1437
2026,MD,Credit card,1328
2026,KY,Credit card,455
2026,NC,Credit card,2043
2026,MA,Credit card,1422
2017,NC,Credit card,609
2017,IL,Credit card,923
2017,TX,Debt collection,5674
2017,FL,Debt collection,4854
2017,MN,Credit reporting,821
2017,IL,Bank account,931
2017,IN,Debt collection,644
2017,SC,Mortgage,373
2017,TX,Vehicle loan or lease,596
2017,ND,Debt collection,51
2017,WA,Student loan,695
2017,GA,Payday/personal loan,237
2017,AL,Payday/personal loan,88
2017,OH,Credit reporting,2271
2017,MD,Mortgage,1127
2017,MA,Student loan,456
2017,MO,Credit reporting,1375
2017,ME,Money transfer/crypto,9
2017,TN,Mortgage,434
2017,OR,Credit reporting,751
2017,MS,Credit card,94
2017,CT,Money transfer/crypto,58
2017,KS,Debt collection,249
2017,ND,Vehicle loan or lease,6
2017,FL,Vehicle loan or lease,520
2017,LA,Mortgage,364
2017,KY,Student loan,135
2017,NV,Mortgage,423
2017,PA,Student loan,899
2017,NM,Bank account,62
2017,DC,Debt collection,216
2017,CO,Money transfer/crypto,54
2017,NE,Debt collection,156
2017,AR,Credit reporting,505
2017,NJ,Money transfer/crypto,127
2017,VA,Payday/personal loan,182
2017,NC,Bank account,473
2017,NH,Bank account,57
2017,MS,Bank account,75
2017,IN,Vehicle loan or lease,81
2017,RI,Money transfer/crypto,8
2016,WI,Mortgage,408
2012,CA,Credit card,1980
2012,MD,Credit card,484
2013,CA,Bank account,1789
2013,NV,Debt collection,138
2013,WV,Mortgage,81
2013,RI,Bank account,71
2012,CO,Mortgage,597
2012,MD,Bank account,389
2015,WA,Debt collection,900
2016,TX,Credit reporting,4539
2012,AR,Student loan,15
2013,PA,Payday/personal loan,56
2012,IL,Bank account,540
2012,NY,Student loan,302
2012,NE,Mortgage,108
2014,HI,Credit card,62
2012,CA,Bank account,1573
2013,MT,Mortgage,63
2014,WI,Mortgage,452
2015,KS,Mortgage,157
2013,AL,Bank account,125
2013,CA,Credit card,1797
2012,IL,Credit card,606
2016,FL,Credit reporting,5258
2012,GA,Student loan,93
2013,ID,Mortgage,145
2013,WA,Credit reporting,302
2013,DC,Credit card,84
2013,VA,Money transfer/crypto,22
2016,OH,Mortgage,982
2017,GA,Prepaid card,25
2017,DC,Vehicle loan or lease,30
2015,CO,Debt collection,721
2016,CO,Debt collection,725
2015,NJ,Debt collection,1243
2013,CT,Bank account,190
2014,NY,Debt collection,2216
2015,OK,Payday/personal loan,57
2016,NC,Student loan,190
2015,TX,Debt collection,3939
2014,NC,Payday/personal loan,135
2015,NC,Debt collection,975
2016,AK,Debt collection,45
2014,GA,Debt collection,1590
2014,MI,Payday/personal loan,89
2016,CO,Vehicle loan or lease,124
2016,NJ,Payday/personal loan,122
2016,IN,Payday/personal loan,95
2016,TN,Debt collection,882
2016,NV,Mortgage,549
2014,FL,Debt collection,3536
2016,DE,Payday/personal loan,27
2016,MS,Bank account,76
2015,CA,Money transfer/crypto,218
2014,WA,Payday/personal loan,45
2015,IL,Mortgage,1436
2015,HI,Mortgage,193
2016,NH,Debt collection,145
2015,UT,Debt collection,270
2013,WI,Debt collection,129
2015,FL,Credit reporting,3259
2016,LA,Money transfer/crypto,20
2015,NC,Vehicle loan or lease,213
2016,GA,Credit card,803
2016,PA,Payday/personal loan,147
2016,WV,Debt collection,84
2016,GA,Bank account,954
2013,MN,Payday/personal loan,15
2017,IL,Other financial service,5
2013,IL,Payday/personal loan,26
2013,WY,Mortgage,34
2016,MO,Debt collection,576
2017,VA,Prepaid card,11
2014,RI,Payday/personal loan,25
2016,MT,Credit card,47
2014,ID,Debt collection,167
2014,FL,Vehicle loan or lease,331
2015,MD,Mortgage,1458
2014,IN,Payday/personal loan,67
2015,TX,Vehicle loan or lease,453
2016,MD,Money transfer/crypto,41
2014,NH,Payday/personal loan,19
2016,MN,Payday/personal loan,64
2016,IL,Student loan,276
2016,IA,Credit card,92
2014,MO,Credit reporting,343
2017,KS,Vehicle loan or lease,26
2015,CT,Payday/personal loan,24
2016,GA,Other financial service,20
2016,MA,Money transfer/crypto,34
2014,TX,Credit reporting,4362
2016,KS,Mortgage,153
2015,GA,Other financial service,11
2013,NY,Student loan,281
2013,FL,Credit reporting,1327
2017,DE,Money transfer/crypto,14
2017,AL,Prepaid card,6
2014,MD,Bank account,489
2014,VA,Credit reporting,1271
2012,VA,Student loan,85
2012,KY,Credit card,90
2011,NC,Credit card,35
2013,IN,Debt collection,162
2013,CT,Credit card,199
2015,GA,Credit card,581
2016,KY,Student loan,64
2016,UT,Credit card,172
2013,TN,Student loan,49
2014,OH,Student loan,206
2016,NE,Student loan,40
2015,CO,Vehicle loan or lease,82
2014,CT,Mortgage,509
2014,IA,Debt collection,230
2014,NY,Vehicle loan or lease,200
2015,CT,Prepaid card,35
2015,GA,Bank account,728
2014,MD,Credit card,364
2014,PA,Bank account,647
2015,PA,Credit reporting,1037
2015,MI,Credit reporting,773
2013,ME,Debt collection,26
2015,NM,Payday/personal loan,34
2012,ND,Mortgage,14
2014,KS,Credit card,75
2014,DE,Payday/personal loan,18
2015,AE,Vehicle loan or lease,3
2013,MO,Debt collection,176
2014,SD,Mortgage,44
2016,VT,Credit card,43
2014,CA,Money transfer/crypto,177
2013,AZ,Debt collection,269
2013,CO,Student loan,58
2014,ME,Mortgage,138
2015,MT,Mortgage,32
2014,AR,Mortgage,131
2016,ME,Credit card,75
2015,ND,Bank account,14
2014,PA,Credit card,528
2016,PR,Credit card,69
2014,TN,Payday/personal loan,106
2015,ME,Credit card,97
2015,IA,Credit card,81
2013,UT,Debt collection,77
2015,TN,Money transfer/crypto,23
2014,NV,Mortgage,494
2016,NY,Credit reporting,2690
2016,WA,Credit reporting,654
2014,OK,Credit reporting,209
2016,SC,Credit reporting,685
2015,AZ,Credit reporting,672
2016,CT,Credit reporting,454
2015,DE,Credit reporting,157
2016,VI,Credit reporting,25
2013,LA,Credit reporting,205
2015,NV,Credit reporting,555
2013,MD,Credit reporting,391
2015,MS,Credit reporting,179
2015,AL,Credit reporting,457
2015,WI,Credit reporting,342
2016,OR,Credit reporting,345
2015,OH,Credit reporting,1033
2014,VT,Student loan,16
2012,UT,Credit reporting,17
2016,AR,Credit reporting,196
2013,DC,Bank account,105
2014,KS,Bank account,70
2012,WA,Student loan,56
2012,KY,Bank account,83
2013,ND,Mortgage,20
2013,MS,Student loan,9
2012,KS,Student loan,22
2013,AZ,Vehicle loan or lease,49
2013,KY,Credit card,94
2016,PR,Bank account,56
2012,OK,Vehicle loan or lease,14
2016,UT,Bank account,105
2011,MA,Credit card,29
2014,MS,Credit reporting,154
2012,CT,Vehicle loan or lease,22
2014,WV,Student loan,18
2015,AR,Mortgage,169
2016,PA,Prepaid card,42
2013,KY,Bank account,87
2015,ME,Bank account,40
2011,GA,Mortgage,61
2014,GA,Vehicle loan or lease,175
2016,TN,Vehicle loan or lease,122
2016,IA,Bank account,65
2012,AZ,Credit reporting,43
2014,NM,Credit reporting,169
2013,WI,Vehicle loan or lease,26
2014,HI,Bank account,44
2015,IN,Student loan,94
2012,OH,Vehicle loan or lease,64
2016,OK,Money transfer/crypto,14
2014,MT,Debt collection,93
2013,OH,Payday/personal loan,54
2012,SD,Credit card,31
2011,NH,Mortgage,10
2014,ND,Credit card,13
2013,SD,Mortgage,35
2016,ME,Bank account,48
2015,ME,Other financial service,2
2016,MS,Credit card,60
2013,GA,Money transfer/crypto,24
2015,KY,Money transfer/crypto,12
2014,NJ,Money transfer/crypto,37
2014,MI,Prepaid card,7
2016,ID,Mortgage,122
2012,WY,Vehicle loan or lease,2
2012,OR,Credit reporting,16
2012,NV,Credit reporting,24
2014,PR,Debt collection,70
2015,SC,Prepaid card,35
2014,OR,Student loan,51
2013,NM,Student loan,13
2013,NJ,Student loan,148
2015,MO,Student loan,72
2013,AL,Credit card,114
2016,NJ,Prepaid card,41
2013,MO,Vehicle loan or lease,36
2012,SD,Bank account,11
2015,SC,Payday/personal loan,126
2018,IL,Credit reporting,5780
2018,FL,Credit reporting,12830
2018,TX,Credit reporting,10953
2018,NY,Credit reporting,7110
2018,CT,Bank account,336
2018,GA,Money transfer/crypto,199
2018,CT,Credit card,344
2018,NH,Credit reporting,171
2018,MO,Debt collection,878
2018,OK,Debt collection,411
2018,NC,Credit reporting,5022
2018,ME,Credit card,85
2018,WA,Debt collection,751
2018,VA,Credit reporting,2240
2018,PA,Mortgage,874
2018,RI,Bank account,81
2018,UT,Credit card,133
2018,CA,Student loan,918
2018,OH,Student loan,354
2018,MN,Credit card,326
2018,DE,Mortgage,129
2018,HI,Debt collection,127
2018,AZ,Money transfer/crypto,102
2018,MD,Money transfer/crypto,116
2018,NJ,Student loan,244
2018,DC,Student loan,79
2018,NV,Student loan,69
2018,MN,Bank account,210
2018,KY,Payday/personal loan,31
2018,KS,Credit card,109
2018,MO,Vehicle loan or lease,116
2018,AL,Mortgage,224
2018,TN,Payday/personal loan,118
2018,MA,Credit reporting,1223
2018,LA,Payday/personal loan,75
2018,SC,Payday/personal loan,130
2018,NE,Student loan,28
2018,MT,Bank account,30
2018,OK,Vehicle loan or lease,37
2018,RI,Credit card,87
2018,IA,Money transfer/crypto,26
2018,WV,Vehicle loan or lease,21
2018,WY,Mortgage,28
2018,WV,Debt collection,102
2018,NM,Mortgage,95
2018,AK,Money transfer/crypto,12
2018,HI,Vehicle loan or lease,13
2018,VT,Student loan,17
2018,MT,Credit card,38
2018,KS,Bank account,81
2018,WA,Vehicle loan or lease,68
2020,FL,Money transfer/crypto,642
2020,TX,Bank account,1560
2020,MI,Money transfer/crypto,251
2020,GA,Mortgage,1146
2020,NC,Credit reporting,8241
2020,PA,Bank account,1130
2020,TN,Money transfer/crypto,91
2020,PA,Credit card,1418
2020,TX,Credit card,2320
2020,CO,Debt collection,604
2020,IL,Debt collection,1539
2020,MS,Credit reporting,2536
2020,AR,Credit card,195
2020,MN,Credit reporting,1553
2020,CA,Vehicle loan or lease,814
2020,CA,Debt collection,5682
2020,IL,Vehicle loan or lease,211
2020,VA,Mortgage,771
2020,NJ,Debt collection,1711
2020,AK,Debt collection,49
2020,CO,Vehicle loan or lease,103
2020,MD,Student loan,141
2020,WI,Mortgage,258
2020,LA,Debt collection,1036
2020,NJ,Vehicle loan or lease,300
2020,OR,Student loan,55
2020,SC,Debt collection,859
2020,UT,Debt collection,273
2020,AR,Bank account,95
2020,KY,Mortgage,121
2020,RI,Credit card,84
2020,NY,Payday/personal loan,159
2020,WA,Debt collection,785
2020,SC,Vehicle loan or lease,131
2020,LA,Vehicle loan or lease,92
2020,DC,Money transfer/crypto,50
2022,WY,Credit card,37
2022,PA,Credit reporting,38363
2022,IL,Credit reporting,25948
2022,MI,Bank account,861
2022,MA,Credit reporting,5464
2022,AL,Credit reporting,17040
2022,AR,Debt collection,411
2022,TX,Mortgage,1716
2022,OH,Payday/personal loan,184
2022,MD,Payday/personal loan,198
2022,VA,Vehicle loan or lease,267
2022,NV,Credit reporting,9068
2022,NH,Credit card,137
2022,UT,Credit reporting,1590
2022,KS,Credit reporting,1320
2022,MS,Bank account,200
2022,CO,Credit card,659
2022,ID,Money transfer/crypto,48
2022,TN,Student loan,136
2022,CO,Bank account,606
2022,NJ,Mortgage,1012
2022,ME,Credit card,127
2022,KY,Vehicle loan or lease,90
2022,MO,Debt collection,845
2022,AZ,Payday/personal loan,141
2022,MI,Credit card,985
2022,OR,Bank account,426
2022,DE,Credit card,264
2022,MO,Vehicle loan or lease,149
2022,VA,Debt collection,1675
2022,OR,Credit card,449
2022,HI,Mortgage,75
2022,AE,Payday/personal loan,4
2022,DE,Bank account,173
2022,RI,Money transfer/crypto,47
2022,ME,Bank account,64
2022,OK,Debt collection,508
2022,NY,Student loan,613
2023,NJ,Money transfer/crypto,477
2023,CO,Student loan,254
2023,KS,Vehicle loan or lease,64
2023,MD,Bank account,1263
2023,NM,Credit card,183
2023,KY,Money transfer/crypto,96
2023,MD,Credit card,1345
2023,MN,Debt collection,497
2023,MA,Money transfer/crypto,270
2023,NM,Bank account,219
2023,AE,Money transfer/crypto,14
2023,WY,Money transfer/crypto,30
2023,IL,Payday/personal loan,266
2023,MN,Vehicle loan or lease,103
2023,WA,Student loan,234
2023,MO,Bank account,507
2023,LA,Money transfer/crypto,131
2023,VI,Debt collection,10
2023,RI,Debt collection,148
2023,VT,Money transfer/crypto,12
2023,AP,Student loan,10
2023,MT,Credit card,78
2023,AK,Credit card,44
2023,ND,Debt collection,101
2023,ME,Student loan,53
2023,NH,Student loan,44
2023,AR,Payday/personal loan,46
2023,ND,Vehicle loan or lease,10
2023,DC,Payday/personal loan,28
2023,HI,Student loan,41
2023,RI,Vehicle loan or lease,24
2023,GU,Credit reporting,49
2023,IL,Prepaid card,74
2023,MI,Prepaid card,55
2023,DC,Debt or credit management,2
2023,MS,Prepaid card,12
2023,PA,Debt or credit management,30
2023,IL,Debt or credit management,20
2023,PA,Prepaid card,64
2023,AL,Prepaid card,15
2023,PR,Student loan,20
2023,AR,Prepaid card,15
2023,MI,Debt or credit management,11
2023,AR,Debt or credit management,4
2023,DC,Prepaid card,6
2024,KS,Debt collection,530
2024,WY,Bank account,55
2024,AZ,Mortgage,470
2024,ND,Credit reporting,1315
2024,MS,Vehicle loan or lease,183
2024,TN,Mortgage,393
2024,MO,Vehicle loan or lease,205
2024,GA,Payday/personal loan,573
2024,SC,Vehicle loan or lease,298
2024,IN,Payday/personal loan,165
2024,GA,Debt or credit management,155
2024,AR,Money transfer/crypto,82
2024,IN,Prepaid card,83
2024,OR,Student loan,232
2024,AL,Mortgage,277
2024,SD,Credit reporting,574
2024,AK,Credit reporting,954
2024,DE,Payday/personal loan,64
2024,IN,Debt or credit management,48
2024,IL,Prepaid card,190
2024,NV,Student loan,136
2024,GA,Prepaid card,194
2024,IL,Payday/personal loan,283
2024,WA,Prepaid card,118
2024,WA,Debt or credit management,31
2024,ME,Debt collection,129
2024,NE,Student loan,56
2024,VT,Credit reporting,355
2024,HI,Mortgage,95
2024,MT,Credit card,99
2024,PR,Money transfer/crypto,24
2024,DC,Prepaid card,35
2024,WV,Mortgage,51
2024,WA,Payday/personal loan,148
2024,WY,Credit card,47
2024,RI,Mortgage,59
2024,IL,Debt or credit management,80
2024,DC,Debt or credit management,8
2024,DE,Debt or credit management,5
2024,KY,Mortgage,139
2024,DC,Payday/personal loan,47
2024,ME,Vehicle loan or lease,16
2024,AS,Credit reporting,10
2024,KS,Vehicle loan or lease,48
2025,MO,Credit card,1232
2025,MT,Credit reporting,1499
2025,SC,Prepaid card,108
2025,TN,Mortgage,478
2025,MA,Debt collection,2508
2025,OR,Credit card,708
2025,MI,Student loan,727
2025,MA,Vehicle loan or lease,272
2025,AP,Credit card,28
2025,AE,Credit reporting,605
2025,LA,Vehicle loan or lease,429
2025,NM,Credit card,337
2025,UT,Bank account,372
2025,DC,Payday/personal loan,53
2025,SC,Payday/personal loan,346
2025,NV,Mortgage,237
2025,IA,Student loan,148
2025,AK,Credit reporting,2078
2025,RI,Student loan,77
2025,DC,Debt or credit management,13
2025,KS,Debt collection,853
2025,DE,Credit card,481
2025,SD,Vehicle loan or lease,23
2025,OH,Prepaid card,181
2025,NM,Bank account,252
2025,OR,Bank account,654
2025,OH,Debt or credit management,119
2025,WV,Prepaid card,20
2025,KS,Vehicle loan or lease,77
2025,UNITED STATES MINOR OUTLYING ISLANDS,Credit reporting,142
2025,ME,Payday/personal loan,17
2025,SD,Debt collection,122
2025,WV,Payday/personal loan,28
2025,DC,Prepaid card,27
2025,ME,Prepaid card,8
2025,WY,Vehicle loan or lease,23
2025,WV,Debt or credit management,6
2025,AA,Credit card,3
2026,AR,Payday/personal loan,100
2026,OH,Vehicle loan or lease,538
2026,AZ,Credit card,1437
2026,MS,Credit card,339
2026,FL,Money transfer/crypto,2461
2026,NM,Payday/personal loan,52
2026,MA,Bank account,1031
2026,WI,Credit card,649
2026,NH,Credit card,261
2026,CT,Mortgage,258
2026,KY,Bank account,487
2026,RI,Credit card,167
2026,GA,Vehicle loan or lease,1109
2026,VI,Credit reporting,1554
2026,OR,Money transfer/crypto,293
2026,MS,Bank account,436
2026,UT,Credit card,498
2026,ID,Debt collection,466
2026,NV,Debt or credit management,44
2026,PR,Debt collection,247
2026,WA,Mortgage,442
2026,WI,Bank account,511
2026,VA,Prepaid card,93
2026,VA,Payday/personal loan,352
2026,RI,Bank account,182
2026,MI,Money transfer/crypto,644
2026,ID,Vehicle loan or lease,43
2026,VA,Debt or credit management,78
2026,UT,Bank account,370
2026,PR,Vehicle loan or lease,38
2026,LA,Student loan,230
2026,DC,Debt or credit management,5
2026,NV,Payday/personal loan,194
2026,VT,Money transfer/crypto,30
2026,KS,Mortgage,115
2026,ME,Student loan,48
2026,AR,Prepaid card,47
2026,NH,Bank account,144
2026,HI,Mortgage,91
2026,AR,Debt or credit management,26
2026,NM,Prepaid card,20
2026,MT,Debt or credit management,9
2026,NV,Prepaid card,56
2026,IA,Mortgage,98
2026,SD,Money transfer/crypto,38
2026,DC,Payday/personal loan,29
2026,MT,Payday/personal loan,18
2026,DC,Prepaid card,18
2017,NH,Credit card,84
2017,NM,Credit card,97
2017,WI,Money transfer/crypto,31
2017,IA,Mortgage,94
2017,MI,Money transfer/crypto,67
2017,OK,Money transfer/crypto,23
2017,HI,Credit reporting,208
2017,VT,Student loan,41
2017,MT,Payday/personal loan,12
2017,NE,Vehicle loan or lease,20
2017,WV,Money transfer/crypto,11
2017,MP,Debt collection,2
2015,NJ,Vehicle loan or lease,190
2016,MN,Prepaid card,15
2012,IN,Vehicle loan or lease,13
2015,IA,Bank account,60
2015,DC,Credit reporting,159
2016,NH,Vehicle loan or lease,26
2015,LA,Money transfer/crypto,19
2015,SD,Money transfer/crypto,2
2011,CT,Mortgage,21
2015,NM,Prepaid card,7
2014,NE,Bank account,46
2013,AR,Student loan,16
2012,TX,Vehicle loan or lease,103
2012,MN,Student loan,53
2013,IN,Vehicle loan or lease,15
2012,NH,Credit reporting,8
2013,DE,Student loan,10
2016,MO,Vehicle loan or lease,93
2012,ME,Credit reporting,14
2013,NC,Payday/personal loan,24
2017,ID,Money transfer/crypto,11
2017,AP,Money transfer/crypto,2
2017,WY,Money transfer/crypto,4
2018,MS,Mortgage,116
2018,OR,Mortgage,244
2018,AE,Money transfer/crypto,6
2018,UT,Bank account,85
2018,ID,Student loan,57
2018,ME,Bank account,37
2018,AR,Student loan,50
2020,DE,Payday/personal loan,29
2020,NM,Money transfer/crypto,36
2020,RI,Bank account,72
2020,CT,Payday/personal loan,42
2020,NE,Debt collection,113
2020,IA,Student loan,31
2020,MO,Student loan,73
2020,AZ,Student loan,84
2020,MT,Money transfer/crypto,5
2020,WA,Vehicle loan or lease,86
2020,WV,Bank account,53
2020,AP,Bank account,2
2020,WV,Credit card,94
2020,ND,Credit card,39
2020,SD,Debt collection,40
2020,VT,Student loan,7
2020,AE,Debt collection,21
2020,UT,Vehicle loan or lease,33
2020,NE,Vehicle loan or lease,13
2020,HI,Payday/personal loan,7
2020,GU,Debt collection,2
2020,ID,Student loan,9
2020,SD,Vehicle loan or lease,7
2020,UNITED STATES MINOR OUTLYING ISLANDS,Payday/personal loan,2
2020,ME,Payday/personal loan,5
2020,AP,Credit card,7
2022,NC,Payday/personal loan,203
2022,LA,Student loan,81
2022,MS,Credit card,220
2022,KY,Debt collection,433
2022,WA,Payday/personal loan,79
2022,IN,Money transfer/crypto,139
2022,WI,Money transfer/crypto,131
2022,DC,Mortgage,114
2022,AR,Vehicle loan or lease,75
2022,NH,Bank account,101
2022,ND,Debt collection,70
2022,MT,Debt collection,67
2022,SC,Money transfer/crypto,149
2022,NM,Money transfer/crypto,56
2022,MT,Vehicle loan or lease,17
2022,OK,Vehicle loan or lease,53
2022,WY,Bank account,36
2022,WV,Student loan,41
2022,ND,Vehicle loan or lease,7
2022,UNITED STATES MINOR OUTLYING ISLANDS,Bank account,4
2022,IA,Student loan,62
2022,NE,Money transfer/crypto,29
2012,DE,Payday/personal loan,8
2015,NH,Student loan,35
2015,OR,Money transfer/crypto,13
2014,NE,Credit card,58
2013,HI,Student loan,7
2014,SC,Payday/personal loan,79
2015,NE,Student loan,16
2012,SC,Payday/personal loan,8
2012,PR,Student loan,7
2013,AE,Bank account,5
2015,WY,Mortgage,36
2016,WV,Vehicle loan or lease,14
2015,WA,Vehicle loan or lease,57
2012,ID,Credit reporting,8
2016,WY,Credit card,30
2011,DE,Credit card,9
2013,AP,Student loan,2
2013,RI,Credit card,40
2014,SC,Prepaid card,3
2015,ID,Student loan,13
2015,MA,Money transfer/crypto,50
2014,MN,Payday/personal loan,39
2012,MT,Credit reporting,3
2012,DC,Credit reporting,24
2012,HI,Credit reporting,2
2013,MI,Payday/personal loan,20
2014,TN,Prepaid card,6
2013,IA,Student loan,20
2013,VT,Vehicle loan or lease,6
2013,NE,Credit reporting,31
2015,AE,Debt collection,18
2016,AA,Mortgage,2
2016,SD,Payday/personal loan,9
2018,GU,Student loan,1
2021,DC,Mortgage,169
2021,OH,Credit card,1026
2021,HI,Credit card,103
2021,MI,Credit card,732
2021,AR,Debt collection,412
2021,OH,Bank account,806
2021,DE,Credit reporting,1650
2021,OR,Debt collection,321
2021,FL,Payday/personal loan,334
2021,MS,Credit reporting,3491
2021,IA,Debt collection,281
2021,CO,Mortgage,539
2021,VA,Payday/personal loan,139
2021,MA,Student loan,147
2021,AL,Debt collection,1115
2021,SC,Money transfer/crypto,128
2021,LA,Mortgage,232
2021,UT,Vehicle loan or lease,48
2021,IN,Vehicle loan or lease,82
2021,WA,Credit card,716
2021,PA,Bank account,1111
2021,IN,Debt collection,760
2021,MN,Bank account,337
2021,NY,Student loan,269
2021,AL,Vehicle loan or lease,84
2021,UT,Debt collection,341
2021,MN,Credit card,364
2021,TN,Money transfer/crypto,161
2021,NC,Student loan,117
2021,CT,Credit reporting,1706
2021,MI,Bank account,641
2021,AZ,Payday/personal loan,98
2021,GA,Student loan,178
2021,HI,Bank account,66
2021,IL,Student loan,178
2021,NV,Money transfer/crypto,186
2021,UNITED STATES MINOR OUTLYING ISLANDS,Credit reporting,55
2021,AK,Credit card,28
2022,VI,Credit card,5
2023,MS,Debt or credit management,4
2023,AL,Debt or credit management,4
2024,AE,Student loan,4
2024,VI,Money transfer/crypto,3
2024,MP,Credit reporting,6
2026,NM,Debt or credit management,9
2026,GU,Money transfer/crypto,5
2014,MN,Prepaid card,6
2016,VT,Bank account,39
2014,CO,Money transfer/crypto,13
2011,NM,Mortgage,2
2013,NV,Vehicle loan or lease,23
2012,MA,Vehicle loan or lease,24
2014,PA,Other financial service,4
2016,VA,Money transfer/crypto,52
2011,HI,Mortgage,8
2014,WA,Prepaid card,4
2015,MN,Money transfer/crypto,27
2016,FM,Debt collection,2
2014,NC,Prepaid card,6
2013,VI,Credit card,7
2014,AK,Payday/personal loan,3
2013,NH,Payday/personal loan,6
2011,KS,Credit card,11
2014,ND,Bank account,8
2011,MN,Credit card,20
2013,ME,Vehicle loan or lease,8
2014,WY,Payday/personal loan,6
2016,NM,Student loan,42
2014,IA,Vehicle loan or lease,15
2013,MP,Credit card,1
2015,WV,Payday/personal loan,5
2011,SD,Mortgage,3
2013,UT,Vehicle loan or lease,7
2014,ID,Vehicle loan or lease,8
2016,MT,Bank account,19
2016,AK,Vehicle loan or lease,6
2015,AS,Money transfer/crypto,1
2012,IA,Payday/personal loan,1
2016,WY,Bank account,16
2012,MO,Payday/personal loan,7
2015,OK,Prepaid card,11
2018,FM,Bank account,8
2018,FM,Credit card,6
2018,AS,Money transfer/crypto,2
2018,UNITED STATES MINOR OUTLYING ISLANDS,Credit card,4
2020,ND,Bank account,8
2021,WY,Bank account,20
2021,WA,Bank account,598
2021,PA,Credit card,1358
2021,WV,Credit reporting,329
2021,KY,Mortgage,165
2021,KS,Bank account,182
2021,KS,Credit card,164
2021,VT,Debt collection,38
2021,MO,Mortgage,278
2021,OK,Student loan,27
2021,SD,Bank account,39
2021,OR,Vehicle loan or lease,44
2021,MD,Payday/personal loan,108
2021,MT,Money transfer/crypto,29
2021,AR,Vehicle loan or lease,49
2022,VT,Money transfer/crypto,12
2022,VI,Bank account,5
2022,UNITED STATES MINOR OUTLYING ISLANDS,Credit card,5
2014,NH,Prepaid card,1
2014,GU,Credit reporting,3
2014,PR,Vehicle loan or lease,4
2013,PR,Payday/personal loan,5
2013,AE,Credit card,3
2014,IN,Prepaid card,1
2011,PR,Mortgage,8
2016,PR,Other financial service,1
2019,AZ,Credit card,546
2019,OH,Credit card,828
2019,GA,Credit reporting,9819
2019,IL,Mortgage,798
2019,VA,Credit reporting,2600
2019,IA,Debt collection,212
2019,WI,Debt collection,476
2019,PA,Money transfer/crypto,158
2019,RI,Debt collection,91
2019,AZ,Bank account,468
2019,SC,Credit reporting,2569
2019,TN,Debt collection,819
2019,DE,Credit card,130
2019,CA,Money transfer/crypto,742
2019,NY,Mortgage,1318
2019,MS,Credit reporting,947
2019,IN,Mortgage,220
2019,KY,Student loan,65
2019,TN,Vehicle loan or lease,85
2019,KS,Money transfer/crypto,20
2019,CO,Mortgage,384
2019,WY,Mortgage,36
2019,TX,Payday/personal loan,473
2019,NJ,Student loan,234
2019,OH,Bank account,600
2019,MD,Credit card,651
2019,ME,Credit reporting,108
2019,MO,Mortgage,218
2019,MA,Student loan,182
2019,WA,Student loan,171
2019,MD,Bank account,565
2019,NE,Debt collection,127
2019,NM,Credit card,97
2019,LA,Mortgage,211
2019,OK,Payday/personal loan,46
2019,ID,Credit reporting,312
2019,VI,Money transfer/crypto,2
2019,DE,Bank account,101
2019,IA,Vehicle loan or lease,21
2019,MT,Credit reporting,151
2025,GU,Money transfer/crypto,7
2026,MT,Prepaid card,6
2013,AK,Payday/personal loan,2
2017,VI,Credit reporting,12
2016,UT,Other financial service,2
2012,AK,Vehicle loan or lease,2
2011,UT,Mortgage,4
2013,VT,Debt collection,10
2016,IN,Prepaid card,19
2013,MP,Bank account,2
2015,ND,Credit card,18
2012,RI,Vehicle loan or lease,6
2016,MS,Other financial service,4
2014,AE,Student loan,1
2014,MP,Mortgage,2
2012,VT,Payday/personal loan,2
2019,WV,Credit card,58
2019,UT,Student loan,52
2019,MN,Mortgage,213
2019,VT,Credit card,50
2019,CT,Student loan,106
2019,NV,Payday/personal loan,56
2019,WV,Bank account,53
2019,NM,Bank account,64
2019,WI,Vehicle loan or lease,57
2019,GU,Bank account,5
2019,NH,Money transfer/crypto,13
2019,VT,Bank account,22
2019,PR,Payday/personal loan,4
2019,AK,Mortgage,35
2019,RI,Vehicle loan or lease,16
2019,GU,Credit card,6
2020,AS,Student loan,1
2015,UT,Vehicle loan or lease,23
2012,PW,Mortgage,1
2017,PW,Credit card,1
2013,PW,Vehicle loan or lease,1
2014,PW,Mortgage,1
2016,PW,Mortgage,2
2015,PW,Bank account,1
2021,NM,Student loan,17
2021,NJ,Payday/personal loan,123
2021,AE,Vehicle loan or lease,1
2024,GU,Student loan,5
2015,AK,Student loan,4
2015,WV,Prepaid card,3
2017,NC,Other financial service,4
2016,AE,Payday/personal loan,1
2016,WY,Other financial service,2
2016,VT,Other financial service,1
2017,NH,Other financial service,2
2017,GU,Mortgage,2
2017,FM,Debt collection,1
2017,AA,Debt collection,1
2021,IA,Vehicle loan or lease,20
2021,SD,Credit card,37
2021,ME,Payday/personal loan,7
2021,WY,Credit card,23
2021,AE,Debt collection,13
2021,AK,Bank account,28
2021,VI,Debt collection,15
2021,AP,Debt collection,11
2021,AP,Vehicle loan or lease,1
2021,PR,Payday/personal loan,8
2021,ID,Student loan,10
2021,NE,Payday/personal loan,12
2021,VT,Vehicle loan or lease,6
2021,GU,Debt collection,1
2022,AA,Bank account,2
2016,IA,Other financial service,2
2011,IA,Mortgage,4
2013,OR,Money transfer/crypto,3
2013,AA,Student loan,1
2013,VI,Bank account,1
2016,ND,Student loan,5
2020,VI,Mortgage,2
2014,MT,Vehicle loan or lease,2
2016,DE,Prepaid card,4
2012,AS,Credit reporting,1
2025,VI,Payday/personal loan,1
2025,ME,Debt or credit management,1
2026,UNITED STATES MINOR OUTLYING ISLANDS,Money transfer/crypto,1
2016,MP,Debt collection,1
2015,RI,Money transfer/crypto,6
2011,VT,Mortgage,2
2015,GU,Payday/personal loan,1
2014,VI,Money transfer/crypto,1
2018,UNITED STATES MINOR OUTLYING ISLANDS,Bank account,1
2021,VI,Vehicle loan or lease,1
2014,KS,Other financial service,1
2014,AP,Student loan,1
2014,MH,Bank account,1
2013,GU,Mortgage,1
2019,NE,Vehicle loan or lease,14
2019,UNITED STATES MINOR OUTLYING ISLANDS,Credit reporting,6
2019,DC,Payday/personal loan,15
2019,ND,Payday/personal loan,4
2019,SD,Money transfer/crypto,10
2021,ND,Student loan,3
2023,AA,Mortgage,1
2016,ME,Other financial service,1
2015,IA,Other financial service,1
2019,AE,Mortgage,2
2023,NV,Credit reporting,18821
2023,OK,Credit reporting,4738
2023,OH,Debt collection,1934
2023,CA,Money transfer/crypto,1989
2023,AL,Credit card,460
2023,FL,Debt collection,7827
2023,IN,Mortgage,294
2023,AZ,Credit reporting,16821
2023,DE,Credit reporting,5645
2023,TX,Mortgage,1913
2023,GA,Vehicle loan or lease,1081
2023,MI,Bank account,1156
2023,PA,Bank account,1844
2023,FL,Vehicle loan or lease,1321
2023,MI,Credit card,1265
2023,IL,Credit card,4224
2023,GA,Debt collection,5005
2023,PA,Credit card,2636
2023,IL,Bank account,1954
2023,VA,Payday/personal loan,204
2023,NC,Student loan,330
2023,TN,Debt collection,1591
2023,AL,Bank account,699
2023,OR,Payday/personal loan,58
2023,MS,Credit card,275
2023,WA,Money transfer/crypto,322
2023,DC,Bank account,300
2023,OH,Vehicle loan or lease,422
2023,LA,Student loan,100
2023,CO,Money transfer/crypto,238
2023,KY,Student loan,118
2023,MS,Bank account,263
2023,AR,Bank account,209
2024,FL,Credit reporting,353705
2024,NC,Credit reporting,74642
2024,GA,Credit card,3474
2024,TN,Credit reporting,34599
2024,AL,Credit reporting,44844
2024,GA,Bank account,2604
2024,WA,Credit card,1111
2024,IN,Bank account,596
2024,LA,Mortgage,364
2024,TX,Money transfer/crypto,1380
2024,CT,Debt collection,1041
2024,AZ,Credit reporting,34334
2024,WI,Vehicle loan or lease,131
2024,IN,Credit card,1006
2024,DC,Credit card,452
2024,VA,Money transfer/crypto,444
2024,WA,Bank account,936
2024,IL,Credit card,3926
2024,RI,Credit reporting,5094
2024,DE,Credit card,404
2024,MI,Money transfer/crypto,356
2024,IL,Bank account,2170
2024,NV,Money transfer/crypto,226
2024,PA,Student loan,800
2024,CO,Debt or credit management,36
2024,NJ,Mortgage,761
2024,OH,Mortgage,487
2024,NE,Money transfer/crypto,65
2024,CA,Mortgage,2691
2024,DC,Bank account,345
2024,MN,Vehicle loan or lease,130
2024,HI,Credit reporting,3222
2024,KY,Credit reporting,8543
2024,WI,Debt collection,1132
2024,DE,Bank account,243
2024,WV,Credit reporting,2122
2024,ID,Debt collection,217
2025,NV,Credit reporting,61121
2025,FL,Money transfer/crypto,6564
2025,SC,Bank account,1612
2025,GA,Debt or credit management,285
2025,IA,Money transfer/crypto,372
2025,DC,Credit card,356
2025,TN,Credit reporting,69496
2025,MI,Money transfer/crypto,2584
2025,DC,Bank account,448
2025,RI,Money transfer/crypto,154
2025,NY,Student loan,1346
2025,KY,Mortgage,204
2025,CT,Student loan,284
2025,OK,Debt collection,1975
2025,OH,Bank account,2261
2025,CA,Student loan,2057
2025,IL,Mortgage,914
2026,CA,Vehicle loan or lease,2002
2026,AL,Debt collection,6326
2026,WA,Credit reporting,42468
2026,CA,Debt collection,18987
2026,HI,Credit reporting,8623
2026,CT,Credit reporting,29487
2026,KS,Credit reporting,9509
2026,TX,Student loan,1285
2026,OK,Debt collection,1974
2026,IL,Mortgage,860
2026,NV,Credit card,910
2026,IA,Credit reporting,7296
2026,VA,Bank account,1534
2026,DC,Credit card,257
2026,VA,Credit card,1732
2026,MD,Payday/personal loan,269
2026,NC,Payday/personal loan,470
2026,WI,Payday/personal loan,156
2017,CA,Debt collection,6032
2017,TN,Credit reporting,1754
2017,NY,Debt collection,2480
2017,LA,Credit reporting,1598
2017,AL,Credit card,172
2017,MD,Credit reporting,2258
2017,GA,Bank account,829
2017,OH,Mortgage,764
2017,AZ,Debt collection,1096
2017,MN,Mortgage,300
2017,WV,Student loan,82
2017,SC,Credit reporting,1771
2017,CO,Student loan,323
2017,OK,Student loan,120
2017,GA,Credit card,772
2017,NJ,Student loan,634
2017,NV,Credit reporting,984
2017,IA,Credit reporting,344
2017,WI,Student loan,205
2017,AZ,Vehicle loan or lease,146
2017,SD,Debt collection,84
2017,MI,Student loan,475
2017,MO,Mortgage,305
2017,DE,Student loan,50
2017,VA,Credit card,714
2017,PA,Money transfer/crypto,105
2017,CA,Vehicle loan or lease,657
2017,RI,Student loan,44
2017,UT,Debt collection,323
2017,VA,Bank account,562
2017,CT,Student loan,318
2017,OR,Mortgage,323
2017,NC,Payday/personal loan,148
2017,KY,Money transfer/crypto,24
2017,MA,Money transfer/crypto,76
2017,MT,Credit card,58
2017,NY,Vehicle loan or lease,301
2017,AR,Mortgage,94
2017,GU,Credit reporting,26
2017,UT,Vehicle loan or lease,34
2017,NH,Payday/personal loan,9
2017,ID,Student loan,51
2016,SC,Mortgage,494
2013,FL,Mortgage,5553
2013,PA,Bank account,612
2012,IA,Credit card,92
2012,FL,Vehicle loan or lease,114
2012,AZ,Mortgage,986
2013,MD,Mortgage,1859
2012,OR,Mortgage,459
2012,MO,Credit card,212
2016,CT,Mortgage,524
2012,NV,Mortgage,395
2014,TX,Mortgage,2081
2012,ME,Mortgage,126
2013,OH,Bank account,448
2013,NH,Credit card,64
2012,SC,Credit card,167
2013,MN,Bank account,183
2013,IL,Credit card,446
2016,AZ,Debt collection,1032
2013,NC,Credit card,348
2015,MI,Mortgage,1000
2012,MT,Mortgage,58
2012,NH,Mortgage,436
2012,UT,Mortgage,173
2012,PA,Student loan,180
2016,NY,Mortgage,3103
2012,NM,Student loan,11
2013,MI,Credit card,290
2015,IL,Credit reporting,1348
2012,CA,Payday/personal loan,57
2013,TX,Vehicle loan or lease,187
2013,OH,Credit card,454
2013,MN,Credit card,172
2015,FL,Mortgage,4643
2013,OK,Debt collection,102
2013,PA,Credit card,517
2016,PA,Credit card,808
2017,NM,Payday/personal loan,23
2013,AL,Payday/personal loan,17
2016,CA,Debt collection,5306
2015,NY,Debt collection,2251
2014,IL,Debt collection,1363
2015,NV,Mortgage,520
2016,AL,Debt collection,509
2014,AZ,Debt collection,886
2015,TN,Student loan,73
2016,VA,Student loan,281
2014,KY,Debt collection,371
2015,VA,Vehicle loan or lease,154
2014,NC,Credit card,395
2016,FL,Mortgage,3870
2015,VA,Debt collection,1192
2016,MI,Debt collection,929
2016,CA,Vehicle loan or lease,698
2016,TX,Mortgage,2285
2015,IA,Payday/personal loan,25
2013,CA,Payday/personal loan,102
2016,MN,Bank account,269
2013,TX,Debt collection,1042
2016,UT,Prepaid card,7
2014,MA,Debt collection,530
2015,WI,Mortgage,413
2015,OH,Mortgage,1240
2014,VA,Mortgage,1397
2014,PA,Payday/personal loan,161
2014,NE,Payday/personal loan,20
2014,LA,Debt collection,503
2016,NJ,Other financial service,12
2016,DC,Debt collection,186
2014,MD,Payday/personal loan,78
2014,DC,Debt collection,198
2014,AL,Debt collection,519
2016,GA,Payday/personal loan,239
2016,NJ,Bank account,950
2017,MT,Bank account,15
2016,ME,Payday/personal loan,16
2017,IL,Prepaid card,17
2013,SC,Debt collection,189
2016,WA,Mortgage,1088
2015,AL,Mortgage,386
2014,OH,Money transfer/crypto,40
2016,RI,Debt collection,89
2013,MI,Bank account,357
2015,GA,Payday/personal loan,201
2015,PA,Mortgage,1606
2016,MA,Student loan,214
2017,NC,Prepaid card,9
2017,PR,Vehicle loan or lease,7
2016,MI,Vehicle loan or lease,129
2016,PA,Other financial service,27
2016,MD,Student loan,260
2017,AE,Credit card,10
2012,SC,Bank account,101
2016,MN,Credit card,291
2017,WY,Student loan,12
2016,VT,Payday/personal loan,4
2013,LA,Mortgage,339
2013,NE,Mortgage,119
2016,MS,Payday/personal loan,48
2015,DC,Mortgage,232
2011,CO,Mortgage,22
2013,NC,Bank account,397
2014,IN,Credit card,156
2014,OK,Mortgage,220
2013,MA,Debt collection,184
2013,NH,Bank account,62
2014,NC,Bank account,378
2014,SC,Bank account,164
2015,CA,Student loan,587
2012,MO,Bank account,108
2014,NJ,Student loan,183
2016,PA,Bank account,905
2012,IL,Payday/personal loan,23
2012,DC,Mortgage,149
2016,IL,Money transfer/crypto,55
2015,NY,Vehicle loan or lease,270
2016,IN,Bank account,227
2012,TN,Vehicle loan or lease,16
2014,MI,Bank account,358
2015,AZ,Mortgage,979
2016,NJ,Credit card,913
2014,MO,Mortgage,556
2012,ID,Mortgage,124
2015,MS,Mortgage,169
2014,MA,Vehicle loan or lease,56
2014,MI,Credit card,298
2012,NC,Vehicle loan or lease,45
2014,WA,Credit card,275
2014,AZ,Vehicle loan or lease,83
2012,KY,Payday/personal loan,6
2016,SD,Bank account,28
2014,SC,Credit card,134
2014,MN,Bank account,161
2014,NH,Credit card,74
2016,OR,Mortgage,549
2012,NJ,Vehicle loan or lease,66
2014,DE,Bank account,97
2014,WY,Credit card,8
2011,VA,Mortgage,44
2014,WV,Money transfer/crypto,4
2012,DE,Credit card,101
2014,MN,Credit card,175
2014,UT,Debt collection,286
2013,PR,Credit card,41
2015,SC,Credit card,171
2014,WA,Bank account,264
2015,CT,Bank account,244
2013,IL,Bank account,515
2016,IN,Credit card,229
2014,TN,Credit card,173
2014,RI,Credit card,68
2016,ID,Credit reporting,159
2015,WV,Credit card,38
2014,NM,Mortgage,163
2016,AR,Mortgage,172
2013,VA,Student loan,100
2014,IL,Vehicle loan or lease,111
2014,RI,Bank account,94
2014,NH,Bank account,48
2015,MD,Credit reporting,1008
2014,AR,Credit reporting,162
2014,WI,Credit reporting,250
2015,AR,Credit reporting,187
2016,NV,Credit reporting,544
2014,SD,Credit reporting,39
2014,CT,Credit reporting,279
2013,ID,Credit reporting,57
2016,AZ,Vehicle loan or lease,178
2015,NM,Bank account,64
2013,WY,Credit reporting,25
2014,TN,Bank account,213
2014,NV,Credit reporting,422
2016,WI,Credit reporting,256
2013,SD,Credit reporting,11
2015,HI,Credit reporting,91
2015,KS,Credit reporting,140
2014,AL,Vehicle loan or lease,55
2014,CA,Student loan,418
2015,SC,Bank account,178
2014,MS,Mortgage,168
2015,IN,Money transfer/crypto,20
2016,GA,Prepaid card,51
2012,WI,Student loan,43
2015,LA,Student loan,46
2012,VT,Credit card,40
2015,OK,Credit card,94
2014,IN,Other financial service,2
2015,KY,Student loan,37
2014,GU,Mortgage,5
2014,LA,Vehicle loan or lease,32
2012,HI,Mortgage,126
2016,DE,Bank account,116
2015,PR,Debt collection,82
2015,WV,Bank account,40
2015,VT,Debt collection,51
2015,CT,Credit card,248
2015,GA,Prepaid card,100
2012,CO,Credit reporting,46
2012,AS,Mortgage,1
2016,DE,Credit card,115
2011,NV,Credit card,10
2012,AL,Student loan,25
2014,IN,Bank account,147
2012,WV,Vehicle loan or lease,9
2014,CO,Student loan,73
2014,DE,Credit card,93
2013,NJ,Money transfer/crypto,24
2015,OK,Bank account,75
2013,GA,Student loan,94
2015,DE,Mortgage,186
2012,VT,Bank account,26
2015,OR,Student loan,65
2012,MI,Student loan,88
2016,HI,Debt collection,159
2013,WV,Credit reporting,37
2014,ME,Credit reporting,65
2013,SC,Vehicle loan or lease,33
2016,OK,Student loan,54
2012,DE,Bank account,77
2014,ND,Payday/personal loan,4
2012,MD,Payday/personal loan,21
2016,HI,Vehicle loan or lease,12
2014,UT,Vehicle loan or lease,20
2016,LA,Student loan,75
2011,LA,Mortgage,5
2013,MA,Vehicle loan or lease,36
2013,PR,Bank account,32
2016,UT,Payday/personal loan,30
2018,DE,Credit reporting,443
2018,PA,Credit reporting,3592
2018,MI,Debt collection,1184
2018,MS,Credit reporting,1132
2018,IN,Debt collection,669
2018,CA,Money transfer/crypto,861
2018,WI,Debt collection,488
2018,NM,Credit reporting,387
2018,FL,Mortgage,2451
2018,TX,Mortgage,1625
2018,NJ,Money transfer/crypto,187
2018,SC,Bank account,189
2018,NE,Money transfer/crypto,19
2018,CO,Debt collection,670
2018,AL,Credit reporting,1578
2018,VA,Mortgage,754
2018,UT,Payday/personal loan,27
2018,IL,Mortgage,806
2018,SC,Credit card,261
2018,AK,Student loan,15
2018,NY,Mortgage,1528
2018,LA,Credit card,180
2018,OH,Money transfer/crypto,143
2018,WY,Credit reporting,36
2018,NC,Mortgage,665
2018,GA,Student loan,343
2018,TN,Bank account,276
2018,NH,Mortgage,108
2018,MI,Vehicle loan or lease,136
2018,OR,Credit reporting,524
2018,MN,Payday/personal loan,46
2018,AZ,Student loan,190
2018,TN,Credit card,286
2018,KY,Bank account,99
2018,KY,Credit card,149
2018,MA,Mortgage,579
2018,MD,Student loan,228
2018,IA,Student loan,52
2018,DC,Money transfer/crypto,31
2018,LA,Bank account,183
2018,AR,Money transfer/crypto,19
2018,CO,Vehicle loan or lease,79
2018,IN,Vehicle loan or lease,74
2018,NV,Money transfer/crypto,70
2020,OH,Debt collection,1511
2020,GA,Credit reporting,18441
2020,MA,Debt collection,1462
2020,NC,Mortgage,765
2020,OK,Vehicle loan or lease,52
2020,NV,Debt collection,831
2020,KS,Debt collection,215
2020,VA,Credit reporting,4943
2020,NY,Bank account,1984
2020,MN,Mortgage,254
2020,NY,Credit card,2857
2020,OH,Vehicle loan or lease,200
2020,AZ,Money transfer/crypto,161
2020,PA,Payday/personal loan,122
2020,NH,Debt collection,80
2020,FL,Student loan,283
2020,TX,Payday/personal loan,416
2020,MD,Money transfer/crypto,240
2020,CT,Credit card,364
2020,OR,Money transfer/crypto,63
2020,WI,Credit reporting,1196
2020,CT,Bank account,371
2020,OK,Debt collection,462
2020,DE,Bank account,126
2020,MO,Money transfer/crypto,97
2020,KY,Credit reporting,961
2020,AL,Debt collection,976
2020,IN,Debt collection,478
2020,ME,Bank account,40
2020,AL,Vehicle loan or lease,83
2020,MI,Student loan,110
2022,TX,Credit reporting,69596
2022,NJ,Credit reporting,18162
2022,NC,Bank account,1094
2022,FL,Debt collection,7609
2022,TN,Money transfer/crypto,210
2022,CA,Debt collection,5474
2022,WA,Bank account,728
2022,OH,Credit card,1284
2022,IL,Mortgage,866
2022,AZ,Bank account,870
2022,MA,Mortgage,464
2022,OH,Bank account,1112
2022,MN,Debt collection,486
2022,AL,Mortgage,229
2022,MD,Bank account,1032
2022,MN,Vehicle loan or lease,58
2022,FL,Vehicle loan or lease,925
2022,AZ,Credit card,879
2022,NY,Money transfer/crypto,1058
2022,NV,Mortgage,281
2022,GA,Debt collection,4951
2022,PA,Mortgage,849
2022,CA,Vehicle loan or lease,849
2022,MD,Credit card,1059
2022,DC,Credit reporting,2147
2022,AK,Debt collection,44
2022,NC,Credit card,1165
2022,HI,Credit reporting,782
2022,MI,Payday/personal loan,167
2022,CT,Debt collection,437
2022,LA,Money transfer/crypto,114
2022,GA,Vehicle loan or lease,694
2023,ID,Debt collection,207
2023,IA,Mortgage,75
2023,SD,Debt collection,69
2023,DC,Credit card,319
2023,SC,Payday/personal loan,210
2023,WI,Money transfer/crypto,133
2023,NM,Payday/personal loan,48
2023,UT,Vehicle loan or lease,77
2023,UT,Debt collection,369
2023,MO,Payday/personal loan,171
2023,AR,Credit card,258
2023,NJ,Student loan,339
2023,WV,Vehicle loan or lease,40
2023,MD,Payday/personal loan,169
2023,TN,Vehicle loan or lease,272
2023,HI,Money transfer/crypto,34
2023,ME,Money transfer/crypto,28
2023,WV,Debt collection,127
2023,MA,Student loan,395
2023,NH,Money transfer/crypto,31
2023,PR,Money transfer/crypto,22
2023,WY,Student loan,11
2023,NE,Money transfer/crypto,52
2023,MT,Payday/personal loan,11
2023,ID,Vehicle loan or lease,31
2023,UNITED STATES MINOR OUTLYING ISLANDS,Money transfer/crypto,3
2023,SD,Vehicle loan or lease,16
2023,OR,Prepaid card,34
2023,MD,Debt or credit management,13
2023,VT,Student loan,28
2023,MO,Debt or credit management,6
2023,MO,Prepaid card,32
2023,MD,Prepaid card,45
2023,VA,Debt or credit management,19
2023,VA,Prepaid card,66
2023,SC,Prepaid card,24
2023,NM,Prepaid card,9
2023,AE,Student loan,7
2023,MT,Debt or credit management,2
2023,NM,Debt or credit management,4
2023,AK,Payday/personal loan,4
2024,AK,Mortgage,35
2024,UT,Vehicle loan or lease,66
2024,MN,Debt collection,901
2024,MD,Mortgage,835
2024,OK,Mortgage,191
2024,OR,Money transfer/crypto,166
2024,NM,Mortgage,102
2024,VT,Mortgage,38
2024,UT,Debt collection,490
2024,UNITED STATES MINOR OUTLYING ISLANDS,Credit card,4
2024,AR,Student loan,83
2024,NH,Mortgage,59
2024,CT,Vehicle loan or lease,136
2024,CO,Payday/personal loan,107
2024,MA,Money transfer/crypto,347
2024,CO,Prepaid card,148
2024,ID,Vehicle loan or lease,34
2024,VI,Student loan,5
2024,UNITED STATES MINOR OUTLYING ISLANDS,Bank account,3
2024,MT,Payday/personal loan,13
2024,IA,Mortgage,86
2024,SD,Mortgage,27
2024,MT,Prepaid card,12
2025,SC,Credit card,1065
2025,MD,Debt or credit management,103
2025,NC,Prepaid card,171
2025,ME,Credit card,180
2025,ME,Bank account,99
2025,PA,Mortgage,849
2025,GA,Prepaid card,240
2025,GA,Payday/personal loan,738
2025,VA,Student loan,600
2025,AZ,Vehicle loan or lease,393
2025,CO,Student loan,417
2025,AZ,Debt collection,6944
2025,OH,Credit card,1905
2025,MO,Prepaid card,95
2025,MD,Payday/personal loan,277
2025,WV,Credit card,801
2025,DE,Debt or credit management,17
2025,IN,Student loan,367
2025,WV,Bank account,245
2025,NC,Payday/personal loan,387
2025,WI,Student loan,310
2025,NJ,Mortgage,819
2025,PR,Student loan,42
2025,MD,Prepaid card,115
2025,MS,Student loan,192
2025,NH,Student loan,92
2025,MN,Student loan,302
2025,ND,Student loan,19
2025,AR,Student loan,121
2025,OR,Prepaid card,70
2025,MO,Debt or credit management,66
2025,NC,Debt or credit management,130
2025,NM,Payday/personal loan,58
2025,ID,Mortgage,106
2025,OK,Vehicle loan or lease,146
2025,WA,Payday/personal loan,219
2025,AL,Student loan,300
2025,NM,Prepaid card,32
2025,MO,Payday/personal loan,241
2025,AK,Mortgage,42
2025,MT,Mortgage,49
2025,HI,Debt collection,350
2025,HI,Vehicle loan or lease,30
2025,NM,Debt or credit management,17
2025,WA,Prepaid card,145
2025,UT,Prepaid card,33
2025,AP,Debt or credit management,1
2025,DE,Payday/personal loan,58
2025,OR,Payday/personal loan,108
2025,NE,Mortgage,79
2025,UT,Debt or credit management,49
2025,UT,Payday/personal loan,101
2025,VT,Debt collection,64
2025,DE,Prepaid card,23
2025,WA,Debt or credit management,64
2025,VI,Credit card,13
2025,GU,Student loan,2
2025,VT,Vehicle loan or lease,13
2025,OR,Debt or credit management,22
2026,CO,Debt collection,1722
2026,IN,Vehicle loan or lease,266
2026,SC,Debt collection,9881
2026,MO,Mortgage,383
2026,MT,Credit card,129
2026,FL,Student loan,1153
2026,KY,Prepaid card,44
2026,LA,Money transfer/crypto,322
2026,NY,Student loan,899
2026,IN,Debt collection,2657
2026,NV,Bank account,944
2026,KY,Payday/personal loan,134
2026,DC,Bank account,278
2026,AR,Credit card,433
2026,MN,Debt collection,1381
2026,CO,Vehicle loan or lease,225
2026,NM,Bank account,209
2026,OR,Student loan,127
2026,NJ,Payday/personal loan,366
2026,MN,Vehicle loan or lease,138
2026,ND,Debt collection,317
2026,PA,Mortgage,849
2026,MD,Debt or credit management,57
2026,AR,Bank account,392
2026,NJ,Prepaid card,172
2026,WV,Debt collection,253
2026,NC,Debt or credit management,100
2026,WV,Vehicle loan or lease,63
2026,MI,Student loan,429
2026,AZ,Payday/personal loan,353
2026,UT,Prepaid card,24
2026,SC,Vehicle loan or lease,311
2026,MS,Prepaid card,59
2026,AZ,Debt or credit management,63
2026,UT,Payday/personal loan,121
2026,NJ,Debt or credit management,80
2026,NH,Prepaid card,19
2026,MA,Payday/personal loan,150
2026,VT,Student loan,19
2026,OK,Vehicle loan or lease,173
2026,NM,Credit card,221
2026,AZ,Prepaid card,108
2026,MD,Prepaid card,87
2026,WI,Debt or credit management,93
2026,ME,Money transfer/crypto,47
2026,MA,Prepaid card,71
2026,NC,Prepaid card,112
2026,AL,Vehicle loan or lease,293
2026,DE,Mortgage,94
2026,MS,Payday/personal loan,137
2026,MS,Debt or credit management,52
2026,MA,Debt or credit management,71
2026,NH,Payday/personal loan,38
2026,WI,Prepaid card,46
2026,ND,Vehicle loan or lease,17
2026,AK,Mortgage,30
2026,AE,Debt collection,18
2026,RI,Payday/personal loan,48
2026,RI,Debt or credit management,5
2026,SD,Student loan,20
2026,MT,Bank account,83
2026,KY,Debt or credit management,14
2026,AP,Debt collection,16
2026,NH,Debt or credit management,8
2026,NE,Mortgage,72
2026,WY,Mortgage,20
2017,IL,Payday/personal loan,159
2017,AL,Bank account,188
2017,AK,Debt collection,52
2017,AE,Bank account,5
2017,PR,Debt collection,70
2017,SD,Vehicle loan or lease,13
2017,ME,Student loan,83
2017,WA,Money transfer/crypto,90
2017,AK,Vehicle loan or lease,6
2017,MS,Payday/personal loan,50
2017,HI,Mortgage,104
2013,WA,Mortgage,1069
2016,OH,Credit reporting,1043
2016,DE,Other financial service,6
2015,NE,Money transfer/crypto,7
2016,IA,Payday/personal loan,26
2015,VT,Vehicle loan or lease,8
2014,AK,Credit card,18
2011,WY,Credit card,2
2016,AE,Bank account,8
2014,WA,Other financial service,2
2012,IA,Bank account,41
2016,KS,Credit reporting,169
2013,CT,Payday/personal loan,10
2016,AL,Vehicle loan or lease,63
2015,NM,Credit card,72
2016,PR,Payday/personal loan,7
2015,RI,Student loan,19
2015,MA,Student loan,119
2016,NC,Money transfer/crypto,38
2014,OR,Money transfer/crypto,13
2017,VT,Money transfer/crypto,7
2017,AP,Student loan,7
2018,ND,Debt collection,70
2018,WI,Vehicle loan or lease,62
2018,ID,Money transfer/crypto,16
2018,PR,Debt collection,86
2018,SD,Debt collection,59
2018,CT,Payday/personal loan,28
2018,KS,Payday/personal loan,39
2018,VT,Money transfer/crypto,4
2018,PR,Vehicle loan or lease,15
2018,GU,Money transfer/crypto,3
2020,NH,Vehicle loan or lease,14
2020,RI,Payday/personal loan,11
2020,HI,Credit card,129
2020,MA,Vehicle loan or lease,201
2020,HI,Bank account,46
2020,DE,Credit card,176
2020,UNITED STATES MINOR OUTLYING ISLANDS,Credit card,4
2020,IA,Money transfer/crypto,26
2020,MS,Mortgage,80
2020,TN,Student loan,81
2020,NV,Vehicle loan or lease,99
2020,IN,Vehicle loan or lease,75
2020,WY,Debt collection,62
2020,DC,Student loan,38
2020,PR,Debt collection,78
2020,WV,Payday/personal loan,7
2020,NM,Student loan,15
2020,KS,Vehicle loan or lease,20
2020,PR,Vehicle loan or lease,15
2020,ME,Credit card,82
2020,VI,Credit reporting,62
2020,AP,Payday/personal loan,1
2020,AR,Payday/personal loan,19
2020,VT,Money transfer/crypto,5
2020,ID,Money transfer/crypto,18
2020,WY,Vehicle loan or lease,5
2020,MT,Student loan,10
2022,NH,Payday/personal loan,11
2022,IA,Money transfer/crypto,67
2022,WA,Credit card,785
2022,WI,Student loan,120
2022,AE,Bank account,12
2022,KS,Mortgage,107
2022,SC,Student loan,122
2022,SD,Debt collection,58
2022,DE,Payday/personal loan,37
2022,MS,Payday/personal loan,80
2022,PR,Debt collection,83
2022,IN,Student loan,120
2022,CO,Payday/personal loan,80
2022,CT,Vehicle loan or lease,80
2022,UT,Mortgage,175
2022,NM,Student loan,29
2022,WV,Money transfer/crypto,30
2022,ID,Student loan,23
2022,NE,Student loan,38
2022,AE,Credit card,15
2022,OR,Payday/personal loan,45
2022,GU,Debt collection,3
2022,RI,Student loan,27
2022,VT,Student loan,23
2022,ME,Payday/personal loan,9
2023,SC,Debt or credit management,14
2013,NY,Money transfer/crypto,46
2015,MO,Money transfer/crypto,23
2012,MS,Vehicle loan or lease,8
2014,MN,Other financial service,2
2013,AK,Bank account,18
2013,AK,Credit card,24
2014,KY,Vehicle loan or lease,28
2013,KS,Debt collection,75
2015,MT,Credit reporting,64
2015,PR,Vehicle loan or lease,15
2013,OR,Student loan,36
2015,MN,Student loan,81
2015,WY,Credit reporting,41
2014,AK,Bank account,20
2013,MT,Credit reporting,21
2013,OK,Vehicle loan or lease,23
2016,IN,Other financial service,4
2016,KY,Money transfer/crypto,18
2014,DC,Vehicle loan or lease,14
2014,MI,Other financial service,3
2015,AP,Debt collection,21
2011,WV,Mortgage,5
2012,LA,Student loan,18
2014,WY,Bank account,9
2014,TN,Other financial service,3
2016,GU,Bank account,1
2015,SC,Other financial service,9
2016,IA,Prepaid card,4
2015,SD,Student loan,9
2016,AE,Credit card,6
2013,ND,Credit reporting,16
2016,RI,Vehicle loan or lease,20
2015,AP,Vehicle loan or lease,3
2021,RI,Debt collection,246
2021,CA,Debt collection,7607
2021,CO,Credit reporting,1945
2021,MD,Bank account,849
2021,WI,Vehicle loan or lease,70
2021,LA,Credit reporting,8845
2021,KY,Credit reporting,1119
2021,TX,Debt collection,9014
2021,FL,Credit card,2606
2021,FL,Bank account,2552
2021,VA,Bank account,723
2021,TX,Vehicle loan or lease,683
2021,WA,Payday/personal loan,74
2021,DC,Credit reporting,1187
2021,WI,Debt collection,578
2021,NY,Money transfer/crypto,942
2021,NJ,Bank account,1108
2021,GA,Money transfer/crypto,469
2021,AZ,Credit card,677
2021,CT,Mortgage,374
2021,NJ,Credit card,1277
2021,AZ,Bank account,683
2021,CA,Vehicle loan or lease,858
2021,MD,Credit card,815
2021,IL,Money transfer/crypto,396
2021,MI,Payday/personal loan,102
2021,WV,Mortgage,56
2021,OK,Money transfer/crypto,66
2021,MS,Mortgage,115
2026,AE,Vehicle loan or lease,12
2024,PR,Student loan,19
2024,GU,Money transfer/crypto,3
2024,WY,Prepaid card,6
2024,AE,Money transfer/crypto,6
2024,AP,Debt collection,19
2024,MT,Debt or credit management,7
2024,ND,Mortgage,17
2024,AP,Vehicle loan or lease,2
2025,AP,Payday/personal loan,1
2025,AE,Mortgage,7
2026,UT,Debt or credit management,17
2026,GU,Student loan,4
2026,AP,Vehicle loan or lease,3
2016,DC,Vehicle loan or lease,29
2015,VI,Debt collection,8
2012,MH,Mortgage,2
2015,ME,Payday/personal loan,16
2016,SD,Credit card,24
2015,ME,Prepaid card,3
2014,AS,Bank account,2
2011,AR,Mortgage,4
2014,KS,Payday/personal loan,24
2014,MD,Prepaid card,8
2015,VI,Vehicle loan or lease,2
2013,TN,Money transfer/crypto,4
2014,HI,Payday/personal loan,12
2015,ID,Money transfer/crypto,9
2014,VT,Money transfer/crypto,3
2012,VI,Credit card,4
2013,RI,Payday/personal loan,14
2016,WY,Payday/personal loan,6
2014,NE,Prepaid card,2
2018,SD,Vehicle loan or lease,16
2018,ME,Payday/personal loan,7
2018,AE,Student loan,5
2018,UNITED STATES MINOR OUTLYING ISLANDS,Payday/personal loan,1
2018,MT,Payday/personal loan,8
2018,AP,Debt collection,14
2018,VI,Credit card,3
2018,AP,Vehicle loan or lease,1
2018,ND,Vehicle loan or lease,2
2018,RI,Payday/personal loan,10
2020,UNITED STATES MINOR OUTLYING ISLANDS,Bank account,6
2021,VA,Credit card,916
2021,MO,Credit reporting,3150
2021,NM,Money transfer/crypto,58
2021,NC,Money transfer/crypto,299
2021,PA,Payday/personal loan,135
2021,MA,Money transfer/crypto,276
2021,NE,Credit card,98
2021,NV,Student loan,34
2021,MN,Payday/personal loan,46
2021,NH,Debt collection,83
2021,OH,Payday/personal loan,164
2021,NE,Bank account,68
2021,ME,Bank account,63
2021,SC,Student loan,59
2021,NH,Vehicle loan or lease,22
2021,RI,Vehicle loan or lease,35
2021,AA,Credit reporting,10
2021,DE,Mortgage,149
2021,TN,Student loan,82
2021,HI,Payday/personal loan,6
2021,ME,Credit card,81
2022,WY,Payday/personal loan,4
2022,PR,Vehicle loan or lease,15
2022,AP,Money transfer/crypto,4
2022,AK,Vehicle loan or lease,4
2022,MP,Credit card,3
2022,SD,Vehicle loan or lease,5
2015,IA,Prepaid card,11
2016,MT,Payday/personal loan,16
2016,VI,Mortgage,6
2016,ND,Money transfer/crypto,4
2017,VA,Other financial service,7
2015,WV,Other financial service,4
2019,NY,Credit reporting,10886
2019,FL,Debt collection,4932
2019,NC,Debt collection,1285
2019,IL,Credit reporting,5077
2019,PR,Bank account,45
2019,MI,Vehicle loan or lease,118
2019,TX,Credit card,1694
2019,NV,Bank account,343
2019,AL,Debt collection,632
2019,KS,Student loan,41
2019,MN,Credit reporting,958
2019,MO,Credit reporting,2601
2019,IN,Credit reporting,1172
2019,LA,Credit reporting,2586
2019,VA,Mortgage,716
2019,OR,Debt collection,352
2019,NV,Credit card,363
2019,HI,Debt collection,101
2019,AR,Debt collection,286
2019,TX,Bank account,1358
2019,MI,Debt collection,1177
2019,NH,Student loan,34
2019,GA,Mortgage,1059
2019,FL,Vehicle loan or lease,550
2019,OH,Payday/personal loan,163
2019,NC,Vehicle loan or lease,216
2019,AZ,Payday/personal loan,86
2019,PR,Credit card,79
2019,NJ,Money transfer/crypto,154
2019,OK,Bank account,85
2019,CO,Credit reporting,1513
2019,OK,Credit card,140
2019,PA,Student loan,327
2019,MD,Payday/personal loan,81
2019,WA,Money transfer/crypto,86
2019,CA,Student loan,712
2019,DC,Bank account,136
2019,SC,Mortgage,278
2019,AK,Credit reporting,72
2019,MA,Money transfer/crypto,93
2019,WY,Credit reporting,156
2023,AA,Credit reporting,2
2023,GU,Mortgage,1
2025,VI,Bank account,11
2012,ND,Credit reporting,3
2012,NE,Credit reporting,1
2011,KY,Credit card,7
2017,MS,Prepaid card,4
2015,ND,Payday/personal loan,5
2014,PA,Prepaid card,15
2016,MS,Prepaid card,13
2013,KS,Vehicle loan or lease,13
2016,ME,Prepaid card,6
2014,MP,Credit reporting,3
2014,AE,Money transfer/crypto,1
2015,AK,Money transfer/crypto,3
2015,GU,Bank account,3
2013,CO,Money transfer/crypto,8
2015,NH,Money transfer/crypto,5
2016,AP,Debt collection,8
2011,AK,Credit card,3
2015,OK,Other financial service,2
2011,MS,Credit card,2
2016,AP,Vehicle loan or lease,5
2014,KS,Prepaid card,2
2019,NM,Payday/personal loan,26
2019,UT,Money transfer/crypto,24
2019,DC,Credit card,172
2019,ME,Mortgage,50
2019,MS,Mortgage,115
2019,ID,Mortgage,72
2019,OR,Vehicle loan or lease,19
2019,MT,Mortgage,45
2019,AL,Vehicle loan or lease,83
2019,ND,Credit card,24
2019,WV,Payday/personal loan,10
2019,CT,Money transfer/crypto,57
2019,AR,Vehicle loan or lease,39
2019,DE,Payday/personal loan,18
2019,AE,Credit reporting,27
2019,SD,Student loan,16
2020,ND,Payday/personal loan,2
2022,VI,Payday/personal loan,2
2016,NM,Money transfer/crypto,10
2016,AS,Credit card,2
2014,PW,Credit reporting,1
2021,ID,Money transfer/crypto,27
2023,AK,Prepaid card,2
2024,WY,Payday/personal loan,8
2026,MP,Credit card,1
2016,NE,Money transfer/crypto,6
2016,GU,Credit card,4
2016,VT,Prepaid card,5
2017,GA,Other financial service,6
2021,PR,Bank account,59
2021,KS,Payday/personal loan,17
2021,PR,Credit card,78
2021,WY,Payday/personal loan,5
2021,UNITED STATES MINOR OUTLYING ISLANDS,Mortgage,3
2021,AK,Payday/personal loan,10
2021,ND,Money transfer/crypto,11
2015,FM,Bank account,1
2013,DC,Payday/personal loan,5
2015,FM,Credit card,1
2014,AS,Credit card,1
2026,RI,Prepaid card,5
2011,ME,Mortgage,4
2017,NH,Prepaid card,1
2013,IA,Money transfer/crypto,1
2013,NM,Money transfer/crypto,3
2013,MS,Money transfer/crypto,3
2017,VI,Mortgage,3
2013,DE,Money transfer/crypto,3
2013,AR,Money transfer/crypto,2
2013,FM,Bank account,1
2013,KY,Payday/personal loan,3
2013,MH,Credit card,3
2024,WY,Debt or credit management,2
2013,FM,Credit card,1
2014,ND,Prepaid card,1
2012,VI,Bank account,3
2016,SD,Other financial service,2
2012,FM,Mortgage,2
2014,HI,Prepaid card,2
2013,HI,Money transfer/crypto,1
2016,MN,Other financial service,3
2015,CT,Other financial service,2
2014,AA,Mortgage,1
2018,FM,Payday/personal loan,1
2018,VI,Bank account,1
2021,MT,Student loan,6
2021,SD,Payday/personal loan,2
2021,MP,Credit reporting,1
2015,GU,Credit card,2
2015,MH,Debt collection,2
2016,AS,Bank account,1
2019,UNITED STATES MINOR OUTLYING ISLANDS,Mortgage,4
2023,MT,Prepaid card,2
2023,OR,Debt or credit management,1
2025,AP,Prepaid card,1
2014,SC,Other financial service,1
2014,NC,Other financial service,1
2019,GU,Payday/personal loan,1
2019,KY,Money transfer/crypto,31
2019,AP,Credit card,8
2019,HI,Vehicle loan or lease,6
2019,AP,Bank account,8
2019,ND,Bank account,14
2019,VT,Payday/personal loan,5
2023,MP,Credit reporting,3
2023,AP,Money transfer/crypto,1
2026,UNITED STATES MINOR OUTLYING ISLANDS,Student loan,1
2026,AA,Money transfer/crypto,1
2015,AA,Mortgage,1
2015,ND,Prepaid card,1
2016,MH,Mortgage,1
2023,CA,Credit reporting,102959
2023,MD,Debt collection,1577
2023,NY,Bank account,3886
2023,PR,Credit reporting,1695
2023,NY,Credit card,4569
2023,LA,Mortgage,319
2023,MO,Debt collection,1040
2023,GA,Payday/personal loan,520
2023,NE,Credit reporting,2585
2023,WA,Credit reporting,6188
2023,MA,Mortgage,408
2023,SC,Debt collection,1421
2023,NC,Mortgage,689
2023,ND,Credit card,29
2023,WI,Credit reporting,6744
2023,KS,Credit card,233
2023,NJ,Mortgage,840
2023,CO,Credit reporting,5326
2023,CT,Credit card,699
2023,MD,Vehicle loan or lease,366
2023,SD,Payday/personal loan,12
2023,VA,Vehicle loan or lease,305
2023,CT,Bank account,676
2023,IN,Student loan,192
2023,MN,Bank account,641
2023,VA,Debt collection,1825
2023,TN,Payday/personal loan,204
2023,DE,Money transfer/crypto,91
2023,MN,Credit card,579
2023,FL,Payday/personal loan,624
2023,RI,Bank account,111
2023,MT,Vehicle loan or lease,14
2023,WY,Mortgage,27
2023,SC,Vehicle loan or lease,314
2023,NH,Credit reporting,684
2024,TX,Credit reporting,311708
2024,MA,Credit reporting,31558
2024,NV,Credit reporting,33833
2024,CO,Vehicle loan or lease,148
2024,MI,Credit reporting,54769
2024,NC,Money transfer/crypto,441
2024,NY,Bank account,4421
2024,VA,Credit reporting,43830
2024,NY,Credit card,5220
2024,FL,Money transfer/crypto,1402
2024,NJ,Student loan,443
2024,MO,Credit card,972
2024,MD,Student loan,449
2024,CA,Student loan,1518
2024,PA,Mortgage,880
2024,OR,Credit reporting,4711
2024,MO,Bank account,499
2024,SC,Credit card,897
2024,CO,Debt collection,1113
2024,AP,Payday/personal loan,2
2024,MS,Credit card,520
2024,OH,Student loan,556
2024,NE,Credit reporting,4459
2024,ND,Student loan,25
2024,WY,Debt collection,79
2024,ME,Bank account,74
2025,FL,Credit reporting,727143
2025,GA,Debt collection,23770
2025,MI,Credit reporting,102549
2025,TX,Bank account,8465
2025,NM,Debt collection,684
2025,TN,Money transfer/crypto,1961
2025,GA,Vehicle loan or lease,1629
2025,TX,Credit card,12077
2025,OK,Prepaid card,63
2025,NV,Money transfer/crypto,1099
2025,NC,Debt collection,10835
2025,LA,Bank account,1176
2025,UT,Debt collection,922
2025,RI,Credit reporting,11313
2025,CO,Mortgage,489
2025,MA,Credit card,1710
2025,KS,Bank account,328
2025,VA,Mortgage,743
2025,IA,Credit reporting,7468
2026,LA,Credit reporting,126030
2026,SC,Prepaid card,71
2026,FL,Mortgage,2517
2026,MS,Debt collection,5107
2026,KY,Debt collection,1108
2026,MD,Debt collection,4646
2026,RI,Debt collection,538
2026,NJ,Debt collection,5559
2026,TN,Bank account,1085
2026,TX,Mortgage,2394
2026,OH,Credit card,1626
2026,NY,Mortgage,1031
2026,IA,Money transfer/crypto,145
2026,MA,Debt collection,2072
2026,GA,Credit card,2632
2017,WA,Credit reporting,1376
2017,NC,Debt collection,1551
2017,FL,Bank account,1839
2017,FL,Credit card,1862
2017,NJ,Mortgage,1635
2017,PA,Credit reporting,2479
2017,MA,Credit reporting,1268
2017,MN,Student loan,234
2017,AR,Student loan,95
2017,TX,Bank account,1342
2017,CO,Mortgage,535
2017,NE,Credit card,84
2017,TX,Credit card,1551
2017,IL,Debt collection,1669
2017,OK,Mortgage,179
2017,RI,Mortgage,151
2017,MI,Mortgage,707
2017,NC,Vehicle loan or lease,237
2017,KY,Credit reporting,810
2017,CT,Mortgage,408
2017,MS,Debt collection,352
2017,OH,Student loan,659
2017,NH,Debt collection,98
2017,LA,Money transfer/crypto,29
2017,MS,Vehicle loan or lease,60
2017,DC,Credit card,137
2017,AZ,Payday/personal loan,102
2017,IL,Vehicle loan or lease,174
2017,WI,Mortgage,314
2017,MO,Student loan,293
2017,ID,Mortgage,82
2017,NY,Payday/personal loan,119
2017,NM,Debt collection,200
2017,DC,Bank account,135
2017,DE,Mortgage,141
2017,CA,Payday/personal loan,630
2017,IN,Credit card,249
2017,NH,Vehicle loan or lease,29
2017,ME,Mortgage,95
2017,KS,Bank account,76
2017,MD,Money transfer/crypto,96
2017,WV,Mortgage,62
2017,WY,Mortgage,26
2017,IN,Bank account,172
2017,TN,Money transfer/crypto,51
2012,WI,Mortgage,417
2012,MA,Bank account,405
2014,CO,Mortgage,814
2012,PA,Mortgage,1065
2013,VA,Mortgage,1475
2012,OH,Bank account,433
2011,WA,Mortgage,35
2015,LA,Mortgage,368
2012,TX,Credit card,870
2013,UT,Credit card,73
2011,CA,Mortgage,285
2013,GA,Mortgage,2785
2014,PA,Debt collection,1339
2012,LA,Mortgage,248
2014,ID,Credit card,33
2012,IN,Credit card,191
2012,WY,Credit card,16
2012,TX,Bank account,652
2015,CA,Mortgage,6999
2012,MA,Credit card,442
2011,MI,Mortgage,36
2013,MO,Credit card,142
2011,PA,Credit card,43
2013,CA,Debt collection,1533
2012,MI,Mortgage,1459
2013,NY,Credit reporting,974
2012,AL,Mortgage,281
2012,OH,Credit card,582
2012,NM,Mortgage,138
2012,CT,Credit card,241
2014,CA,Mortgage,7066
2016,MD,Mortgage,1495
2013,IN,Bank account,130
2016,OK,Mortgage,259
2014,NJ,Mortgage,2106
2011,MD,Credit card,34
2015,CO,Credit card,299
2015,MO,Credit reporting,353
2012,ME,Student loan,18
2013,NV,Bank account,129
2015,WA,Credit card,311
2013,TX,Payday/personal loan,78
2013,DC,Debt collection,69
2013,NJ,Credit reporting,417
2015,MI,Student loan,155
2016,TX,Student loan,489
2016,MS,Debt collection,246
2017,CA,Prepaid card,74
2016,GA,Debt collection,2182
2017,TX,Other financial service,9
2013,AL,Debt collection,143
2016,TN,Other financial service,10
2013,MA,Payday/personal loan,14
2016,MT,Debt collection,86
2017,AZ,Prepaid card,10
2017,FL,Other financial service,10
2014,NE,Debt collection,165
2014,KY,Payday/personal loan,32
2014,MD,Debt collection,949
2015,GA,Debt collection,1742
2016,AL,Payday/personal loan,111
2015,MA,Mortgage,930
2016,CO,Credit card,405
2016,CA,Payday/personal loan,685
2016,AZ,Payday/personal loan,114
2016,ME,Debt collection,95
2015,VA,Payday/personal loan,139
2017,UT,Prepaid card,2
2016,IA,Debt collection,211
2013,SC,Payday/personal loan,15
2017,NE,Bank account,45
2016,UT,Debt collection,228
2015,ME,Debt collection,149
2016,VA,Mortgage,1332
2014,HI,Debt collection,170
2013,KY,Debt collection,111
2016,MS,Vehicle loan or lease,28
2014,FL,Bank account,1426
2015,MD,Money transfer/crypto,58
2016,MI,Payday/personal loan,116
2014,NY,Bank account,1252
2016,CT,Student loan,103
2017,AS,Credit card,1
2015,TN,Mortgage,580
2015,NJ,Other financial service,14
2016,WY,Debt collection,35
2016,VT,Debt collection,40
2016,LA,Mortgage,444
2016,GA,Vehicle loan or lease,314
2014,LA,Payday/personal loan,90
2017,IN,Other financial service,4
2015,ND,Debt collection,44
2012,CT,Bank account,213
2015,IA,Debt collection,183
2015,KY,Mortgage,266
2017,NY,Prepaid card,37
2015,NJ,Bank account,781
2017,PR,Payday/personal loan,10
2016,WY,Vehicle loan or lease,11
2016,NH,Other financial service,6
2016,FL,Student loan,533
2017,VI,Student loan,3
2015,NY,Payday/personal loan,118
2015,GA,Vehicle loan or lease,265
2016,MA,Mortgage,894
2016,NY,Student loan,608
2013,AZ,Bank account,271
2011,NJ,Mortgage,43
2013,FL,Student loan,172
2013,OR,Mortgage,560
2014,FL,Credit card,1251
2015,CO,Bank account,230
2014,PA,Vehicle loan or lease,140
2014,ND,Debt collection,52
2015,FL,Student loan,303
2015,NC,Bank account,454
2014,GA,Bank account,551
2014,PR,Bank account,42
2014,NY,Credit card,1260
2012,MD,Vehicle loan or lease,59
2015,WA,Bank account,284
2012,CA,Vehicle loan or lease,151
2012,RI,Bank account,70
2015,NC,Credit card,494
2015,TX,Credit card,1150
2015,TX,Bank account,1072
2013,AZ,Credit card,301
2014,HI,Vehicle loan or lease,19
2014,GA,Credit card,424
2012,RI,Credit card,67
2015,RI,Mortgage,147
2012,OK,Credit card,112
2016,CA,Prepaid card,204
2016,TN,Bank account,265
2011,IN,Mortgage,14
2015,OR,Mortgage,561
2014,AZ,Payday/personal loan,71
2013,NV,Credit card,163
2012,AK,Bank account,13
2013,CA,Vehicle loan or lease,247
2015,VA,Prepaid card,56
2014,MD,Vehicle loan or lease,146
2016,CO,Bank account,365
2014,IA,Bank account,46
2015,NC,Other financial service,16
2016,AK,Bank account,18
2015,MN,Mortgage,494
2016,WA,Student loan,188
2015,NV,Student loan,34
2014,NV,Money transfer/crypto,12
2013,RI,Vehicle loan or lease,12
2015,NJ,Credit card,719
2012,DC,Student loan,30
2016,NH,Credit card,92
2016,MO,Credit card,240
2014,KS,Debt collection,255
2016,MI,Prepaid card,21
2013,IN,Credit card,118
2014,VA,Student loan,134
2015,NY,Prepaid card,130
2016,ID,Money transfer/crypto,7
2012,NH,Student loan,22
2016,IL,Credit reporting,1981
2014,OR,Credit reporting,316
2013,TN,Credit reporting,213
2014,OH,Credit reporting,674
2016,NC,Credit reporting,1302
2016,KY,Credit reporting,355
2015,ID,Credit reporting,150
2015,IN,Credit reporting,336
2015,NH,Credit reporting,107
2014,WV,Credit reporting,93
2013,CO,Credit reporting,232
2012,KS,Credit reporting,14
2016,NM,Credit reporting,343
2012,AZ,Student loan,52
2014,DC,Payday/personal loan,30
2014,MO,Student loan,87
2016,SC,Student loan,109
2015,OH,Student loan,197
2015,AZ,Student loan,90
2013,MS,Credit reporting,78
2016,NH,Bank account,64
2013,ME,Credit card,67
2014,TX,Student loan,230
2014,IL,Payday/personal loan,123
2016,MO,Bank account,254
2014,OK,Student loan,31
2015,PA,Student loan,287
2013,WI,Credit card,202
2013,VT,Credit card,24
2013,MO,Bank account,140
2016,NE,Credit reporting,99
2012,WA,Credit reporting,33
2012,NY,Credit reporting,124
2016,TN,Credit card,257
2016,AZ,Prepaid card,20
2014,WI,Money transfer/crypto,19
2012,VA,Credit reporting,70
2014,NY,Other financial service,13
2015,AL,Student loan,54
2014,IA,Credit card,74
2013,IA,Credit reporting,62
2013,MD,Student loan,104
2015,DC,Student loan,43
2014,KY,Prepaid card,2
2013,CT,Vehicle loan or lease,39
2014,MT,Credit card,27
2015,UT,Credit card,78
2015,SD,Mortgage,38
2014,PR,Credit card,62
2011,TN,Credit card,21
2014,AL,Payday/personal loan,66
2016,KS,Money transfer/crypto,7
2013,LA,Student loan,32
2016,OR,Student loan,108
2012,IN,Bank account,122
2012,NJ,Payday/personal loan,27
2014,VT,Credit reporting,39
2013,AR,Credit reporting,62
2012,NC,Payday/personal loan,18
2016,WV,Bank account,49
2014,ID,Bank account,44
2015,WI,Student loan,60
2011,OH,Mortgage,28
2012,UT,Student loan,10
2013,NE,Student loan,16
2013,RI,Debt collection,36
2013,UT,Bank account,47
2014,CT,Money transfer/crypto,15
2012,HI,Student loan,6
2012,OR,Student loan,41
2014,AZ,Prepaid card,12
2018,AR,Credit reporting,747
2018,CA,Credit reporting,13518
2018,NJ,Credit reporting,3522
2018,TX,Student loan,579
2018,OH,Credit reporting,2962
2018,NC,Student loan,216
2018,OK,Credit card,173
2018,NV,Credit reporting,1459
2018,MA,Student loan,219
2018,MD,Mortgage,823
2018,NY,Student loan,597
2018,MN,Debt collection,380
2018,GA,Mortgage,1180
2018,FL,Student loan,583
2018,DC,Credit reporting,459
2018,CT,Debt collection,384
2018,MS,Money transfer/crypto,21
2018,OR,Money transfer/crypto,54
2018,WA,Credit card,490
2018,UT,Debt collection,331
2018,WV,Credit card,67
2018,VA,Student loan,297
2018,WA,Bank account,361
2018,NE,Credit reporting,178
2018,AK,Mortgage,34
2018,IA,Mortgage,94
2018,IL,Student loan,327
2018,MT,Debt collection,87
2018,MI,Payday/personal loan,81
2018,RI,Vehicle loan or lease,26
2018,IN,Payday/personal loan,81
2018,HI,Credit card,88
2018,OK,Bank account,98
2018,AZ,Mortgage,455
2018,MO,Bank account,219
2018,PA,Money transfer/crypto,159
2018,AL,Money transfer/crypto,26
2018,KS,Debt collection,277
2018,NH,Student loan,64
2018,ID,Credit reporting,186
2018,MN,Vehicle loan or lease,64
2018,MO,Credit card,293
2020,MD,Credit reporting,5565
2020,CA,Credit card,4985
2020,TX,Debt collection,7826
2020,IL,Bank account,1136
2020,FL,Mortgage,2452
2020,CO,Credit card,702
2020,AZ,Credit reporting,3276
2020,SC,Bank account,247
2020,IA,Credit reporting,480
2020,KY,Money transfer/crypto,80
2020,PR,Payday/personal loan,13
2020,PA,Debt collection,1690
2020,CO,Bank account,316
2020,MA,Payday/personal loan,52
2020,MO,Credit reporting,3012
2020,CA,Bank account,3344
2020,VA,Money transfer/crypto,230
2020,WA,Bank account,469
2020,NJ,Bank account,898
2020,WA,Credit card,618
2020,SC,Credit card,339
2020,TN,Mortgage,348
2020,NJ,Credit card,1357
2020,IL,Credit card,1135
2020,AK,Bank account,14
2020,ID,Credit reporting,354
2020,AR,Debt collection,513
2020,AL,Payday/personal loan,86
2020,OH,Payday/personal loan,124
2020,MI,Mortgage,495
2020,TX,Vehicle loan or lease,568
2020,PA,Vehicle loan or lease,230
2020,DC,Mortgage,149
2020,NE,Credit card,95
2020,NM,Mortgage,112
2020,LA,Credit card,275
2020,SD,Bank account,27
2020,OR,Credit reporting,796
2020,ND,Debt collection,29
2020,WY,Payday/personal loan,4
2020,GA,Money transfer/crypto,331
2022,TN,Credit reporting,11502
2022,NY,Credit reporting,35116
2022,WV,Credit reporting,573
2022,KY,Bank account,210
2022,ME,Vehicle loan or lease,18
2022,GA,Payday/personal loan,374
2022,DE,Debt collection,326
2022,ME,Debt collection,93
2022,VA,Credit card,1193
2022,VA,Bank account,1097
2022,MI,Debt collection,1607
2022,NM,Mortgage,91
2022,TX,Money transfer/crypto,1031
2022,LA,Credit reporting,12631
2022,MI,Vehicle loan or lease,250
2022,OR,Debt collection,393
2022,MN,Payday/personal loan,62
2022,MO,Bank account,393
2022,MT,Bank account,66
2022,OR,Vehicle loan or lease,40
2022,IA,Credit reporting,1198
2022,KY,Credit card,261
2022,CA,Payday/personal loan,603
2022,MO,Credit card,475
2022,CO,Debt collection,675
2022,NJ,Money transfer/crypto,433
2022,OK,Credit card,297
2022,FL,Payday/personal loan,490
2022,MS,Debt collection,599
2022,AR,Bank account,208
2022,IN,Mortgage,251
2022,ND,Bank account,30
2022,MA,Student loan,241
2022,NH,Debt collection,109
2022,VT,Mortgage,55
2022,RI,Mortgage,100
2022,NV,Student loan,61
2023,OR,Debt collection,433
2023,HI,Credit reporting,1657
2023,IA,Student loan,80
2023,NM,Debt collection,216
2023,OK,Money transfer/crypto,92
2023,TX,Student loan,668
2023,AZ,Money transfer/crypto,277
2023,OH,Payday/personal loan,265
2023,KS,Bank account,182
2023,KY,Mortgage,176
2023,RI,Credit card,177
2023,UNITED STATES MINOR OUTLYING ISLANDS,Credit reporting,119
2023,OR,Vehicle loan or lease,66
2023,MO,Vehicle loan or lease,222
2023,ME,Credit reporting,627
2023,NV,Money transfer/crypto,200
2023,NM,Vehicle loan or lease,40
2023,VI,Credit card,10
2023,MT,Debt collection,95
2023,MP,Money transfer/crypto,3
2023,AK,Vehicle loan or lease,20
2023,AK,Debt collection,71
2023,ID,Payday/personal loan,26
2023,AP,Credit reporting,34
2023,VT,Mortgage,50
2023,ND,Bank account,27
2023,AE,Mortgage,2
2023,UT,Payday/personal loan,38
2023,TN,Prepaid card,30
2023,UT,Prepaid card,12
2023,FL,Prepaid card,136
2023,GA,Prepaid card,86
2023,FL,Debt or credit management,44
2023,OH,Debt or credit management,17
2023,OH,Prepaid card,58
2023,TN,Debt or credit management,7
2023,GA,Debt or credit management,29
2023,ID,Prepaid card,10
2023,WV,Prepaid card,4
2023,SD,Prepaid card,6
2024,UT,Payday/personal loan,64
2024,AE,Credit reporting,273
2024,KY,Money transfer/crypto,114
2024,KS,Credit card,319
2024,SC,Bank account,760
2024,MT,Debt collection,123
2024,TN,Money transfer/crypto,234
2024,AR,Mortgage,114
2024,CT,Debt or credit management,21
2024,WI,Prepaid card,55
2024,SD,Student loan,38
2024,WI,Payday/personal loan,126
2024,OK,Student loan,113
2024,ME,Credit card,168
2024,AL,Money transfer/crypto,143
2024,NH,Student loan,100
2024,GU,Credit reporting,50
2024,MN,Payday/personal loan,106
2024,AZ,Money transfer/crypto,359
2024,IA,Student loan,101
2024,MS,Bank account,294
2024,CT,Prepaid card,73
2024,KS,Bank account,205
2024,LA,Student loan,134
2024,NM,Student loan,45
2024,CT,Payday/personal loan,64
2024,MN,Debt or credit management,32
2024,UT,Debt or credit management,13
2024,MN,Prepaid card,60
2024,MT,Vehicle loan or lease,22
2024,PR,Mortgage,58
2024,ID,Prepaid card,15
2024,WV,Money transfer/crypto,51
2024,UT,Prepaid card,39
2024,RI,Money transfer/crypto,47
2024,WI,Debt or credit management,32
2024,VI,Mortgage,3
2024,HI,Money transfer/crypto,53
2024,WY,Vehicle loan or lease,12
2024,AK,Student loan,29
2024,ID,Payday/personal loan,32
2025,MO,Debt collection,4115
2025,CA,Mortgage,3008
2025,LA,Credit card,1117
2025,CT,Mortgage,288
2025,IL,Student loan,887
2025,MD,Vehicle loan or lease,552
2025,DE,Debt collection,1234
2025,KY,Student loan,202
2025,WA,Debt collection,2673
2025,MD,Debt collection,6017
2025,AZ,Payday/personal loan,333
2025,NH,Mortgage,98
2025,NC,Vehicle loan or lease,729
2025,PA,Student loan,916
2025,AK,Student loan,21
2025,MA,Bank account,1317
2025,NJ,Student loan,721
2025,AR,Mortgage,150
2025,WI,Mortgage,241
2025,MT,Student loan,49
2025,OK,Debt or credit management,38
2025,IN,Mortgage,277
2025,NY,Mortgage,1125
2025,SD,Bank account,58
2025,AL,Mortgage,372
2025,ID,Student loan,82
2025,MS,Mortgage,149
2025,UT,Vehicle loan or lease,89
2025,WA,Vehicle loan or lease,195
2025,WY,Bank account,60
2025,OR,Debt collection,1262
2025,KS,Credit card,353
2025,OR,Vehicle loan or lease,117
2025,DE,Vehicle loan or lease,87
2025,AP,Debt collection,21
2025,NM,Vehicle loan or lease,64
2025,SD,Credit card,82
2025,MO,Vehicle loan or lease,340
2025,WY,Credit card,49
2025,AZ,Debt or credit management,72
2025,MN,Mortgage,244
2025,OK,Payday/personal loan,133
2025,NE,Student loan,89
2025,AZ,Prepaid card,136
2025,PR,Mortgage,30
2025,HI,Prepaid card,11
2025,AE,Student loan,9
2025,AP,Vehicle loan or lease,4
2025,HI,Payday/personal loan,36
2025,ND,Mortgage,14
2025,HI,Debt or credit management,9
2025,AA,Debt collection,4
2026,NC,Debt collection,9652
2026,MI,Mortgage,585
2026,AZ,Debt collection,5635
2026,CA,Payday/personal loan,1603
2026,CO,Prepaid card,62
2026,WI,Debt collection,1559
2026,MD,Vehicle loan or lease,542
2026,KY,Vehicle loan or lease,138
2026,GA,Bank account,3173
2026,OH,Bank account,1748
2026,ID,Credit card,238
2026,NC,Vehicle loan or lease,680
2026,AL,Debt or credit management,30
2026,PA,Student loan,712
2026,ME,Credit reporting,2146
2026,PR,Credit card,196
2026,KS,Money transfer/crypto,159
2026,AZ,Vehicle loan or lease,381
2026,SC,Payday/personal loan,280
2026,SC,Debt or credit management,52
2026,CA,Debt or credit management,344
2026,HI,Money transfer/crypto,85
2026,MO,Student loan,208
2026,OK,Payday/personal loan,155
2026,CT,Money transfer/crypto,255
2026,AL,Payday/personal loan,212
2026,UT,Debt collection,729
2026,WA,Money transfer/crypto,596
2026,TN,Credit card,977
2026,NJ,Vehicle loan or lease,568
2026,MA,Vehicle loan or lease,267
2026,RI,Vehicle loan or lease,42
2026,PR,Bank account,94
2026,MS,Vehicle loan or lease,198
2026,ID,Bank account,197
2026,IN,Payday/personal loan,223
2026,CA,Prepaid card,716
2026,UT,Vehicle loan or lease,85
2026,IL,Student loan,648
2026,OR,Mortgage,234
2026,CO,Payday/personal loan,188
2026,NH,Debt collection,307
2026,OK,Debt or credit management,45
2026,DE,Student loan,68
2026,IN,Prepaid card,88
2026,WI,Vehicle loan or lease,164
2026,CO,Debt or credit management,45
2026,MN,Payday/personal loan,109
2026,MN,Prepaid card,43
2026,NH,Vehicle loan or lease,51
2026,WV,Payday/personal loan,38
2026,AL,Prepaid card,81
2026,NE,Student loan,70
2026,WY,Student loan,16
2026,OK,Prepaid card,66
2026,VT,Mortgage,27
2026,MN,Debt or credit management,31
2026,WV,Prepaid card,20
2026,ND,Debt or credit management,9
2026,SD,Mortgage,25
2026,AS,Mortgage,1
2017,KS,Credit card,106
2017,SD,Payday/personal loan,7
2017,AK,Payday/personal loan,4
2017,OR,Student loan,238
2017,HI,Student loan,50
2017,ND,Credit card,24
2017,AP,Mortgage,9
2017,ND,Bank account,18
2017,VT,Credit reporting,79
2017,UT,Payday/personal loan,21
2017,NM,Vehicle loan or lease,13
2017,NV,Money transfer/crypto,45
2017,GU,Money transfer/crypto,7
2017,DC,Other financial service,1
2014,UT,Payday/personal loan,16
2014,AE,Credit reporting,18
2016,OH,Money transfer/crypto,34
2015,UT,Bank account,69
2016,IA,Vehicle loan or lease,35
2016,PR,Debt collection,54
2013,CT,Debt collection,79
2016,NV,Money transfer/crypto,23
2014,MA,Prepaid card,15
2016,WV,Credit card,53
2016,CO,Other financial service,7
2015,IL,Money transfer/crypto,53
2013,HI,Credit reporting,48
2013,WA,Student loan,52
2014,AP,Credit reporting,12
2013,NM,Credit reporting,121
2013,KY,Vehicle loan or lease,30
2015,WA,Other financial service,8
2014,MA,Payday/personal loan,48
2016,DC,Payday/personal loan,13
2015,PR,Payday/personal loan,10
2016,ND,Credit reporting,41
2014,MT,Bank account,14
2017,SC,Money transfer/crypto,27
2017,IA,Money transfer/crypto,4
2018,RI,Debt collection,111
2018,VT,Credit reporting,44
2018,NM,Money transfer/crypto,20
2018,ME,Debt collection,131
2018,CO,Payday/personal loan,55
2018,DE,Money transfer/crypto,13
2018,CT,Vehicle loan or lease,65
2018,WV,Bank account,42
2018,WI,Payday/personal loan,57
2018,UT,Vehicle loan or lease,23
2018,KS,Vehicle loan or lease,22
2020,LA,Bank account,204
2020,AR,Vehicle loan or lease,49
2020,UT,Credit card,189
2020,IN,Payday/personal loan,59
2020,VT,Credit reporting,58
2020,MT,Mortgage,53
2020,RI,Debt collection,148
2020,SD,Credit card,37
2020,AK,Credit card,31
2020,NC,Student loan,129
2020,UT,Bank account,78
2020,WI,Money transfer/crypto,68
2020,MN,Student loan,71
2020,AP,Debt collection,11
2020,RI,Vehicle loan or lease,21
2020,NE,Bank account,56
2020,NV,Payday/personal loan,54
2020,WV,Vehicle loan or lease,15
2020,VI,Money transfer/crypto,1
2020,WV,Debt collection,74
2020,ND,Vehicle loan or lease,10
2020,OK,Payday/personal loan,37
2020,NH,Payday/personal loan,5
2020,KS,Payday/personal loan,26
2020,AE,Bank account,5
2020,MS,Student loan,24
2022,MS,Vehicle loan or lease,75
2022,PA,Student loan,417
2022,CT,Payday/personal loan,60
2022,WI,Mortgage,264
2022,IL,Student loan,340
2022,DE,Vehicle loan or lease,63
2022,NE,Mortgage,58
2022,UT,Student loan,64
2022,AP,Credit reporting,75
2022,SC,Mortgage,353
2022,HI,Money transfer/crypto,45
2022,AL,Student loan,71
2022,GU,Payday/personal loan,1
2022,DC,Money transfer/crypto,66
2022,OK,Bank account,200
2022,ID,Mortgage,59
2022,WY,Debt collection,42
2022,CO,Vehicle loan or lease,106
2022,AR,Credit card,192
2022,VI,Debt collection,4
2022,NH,Vehicle loan or lease,21
2022,MT,Credit card,83
2022,KS,Student loan,64
2022,WY,Vehicle loan or lease,7
2022,SD,Payday/personal loan,8
2022,ND,Credit card,41
2016,AK,Credit card,33
2012,MS,Payday/personal loan,4
2015,MS,Student loan,21
2016,AL,Prepaid card,12
2013,AL,Vehicle loan or lease,24
2012,OK,Bank account,63
2013,ME,Bank account,45
2013,WI,Bank account,124
2012,GA,Credit reporting,61
2015,NE,Credit reporting,79
2016,WV,Other financial service,7
2012,IL,Vehicle loan or lease,53
2016,PR,Vehicle loan or lease,22
2012,AR,Credit reporting,13
2013,VT,Bank account,31
2013,DE,Credit reporting,47
2016,AR,Student loan,36
2014,KS,Vehicle loan or lease,16
2015,AK,Credit reporting,38
2016,WI,Money transfer/crypto,14
2016,RI,Prepaid card,5
2014,NM,Student loan,20
2014,IL,Prepaid card,5
2014,AR,Money transfer/crypto,4
2012,MT,Student loan,9
2011,SC,Mortgage,8
2016,VT,Vehicle loan or lease,10
2012,FL,Payday/personal loan,46
2018,MT,Vehicle loan or lease,11
2020,AE,Credit card,10
2021,IN,Bank account,300
2021,GA,Credit reporting,23622
2021,PA,Debt collection,2649
2021,AK,Vehicle loan or lease,3
2021,NC,Credit reporting,9381
2021,NY,Credit reporting,19344
2021,MA,Credit reporting,3518
2021,IL,Credit reporting,11594
2021,OH,Debt collection,2304
2021,WA,Debt collection,790
2021,PA,Vehicle loan or lease,316
2021,NV,Mortgage,322
2021,OK,Credit reporting,1187
2021,CA,Payday/personal loan,539
2021,VT,Bank account,36
2021,KY,Money transfer/crypto,71
2021,SC,Mortgage,390
2021,CO,Money transfer/crypto,218
2021,UT,Bank account,162
2021,OH,Vehicle loan or lease,259
2021,AR,Credit card,188
2021,DE,Student loan,22
2021,IN,Credit card,317
2021,HI,Debt collection,95
2021,UT,Credit card,198
2021,SD,Vehicle loan or lease,8
2021,AK,Debt collection,43
2021,OR,Bank account,358
2021,TN,Mortgage,392
2021,AL,Credit card,305
2021,OR,Credit card,400
2021,ID,Credit reporting,288
2021,WA,Vehicle loan or lease,92
2026,IN,Debt or credit management,33
2026,VI,Student loan,2
2021,NM,Credit reporting,485
2019,MD,Debt collection,942
2026,ND,Prepaid card,5
2023,AA,Money transfer/crypto,2
2023,WV,Payday/personal loan,15
2023,WV,Debt or credit management,3
2024,VT,Student loan,32
2024,MP,Student loan,2
2026,WV,Debt or credit management,10
2026,UNITED STATES MINOR OUTLYING ISLANDS,Mortgage,1
2026,AE,Payday/personal loan,4
2026,ND,Payday/personal loan,23
2026,AP,Payday/personal loan,2
2026,AK,Student loan,16
2016,UT,Vehicle loan or lease,32
2015,AE,Bank account,7
2015,TX,Other financial service,19
2015,DE,Student loan,17
2011,MT,Mortgage,3
2013,KS,Payday/personal loan,6
2013,DC,Vehicle loan or lease,16
2014,AA,Student loan,1
2016,RI,Payday/personal loan,10
2014,DC,Prepaid card,1
2012,ID,Student loan,13
2012,AK,Credit card,23
2012,KY,Vehicle loan or lease,10
2015,KS,Money transfer/crypto,9
2014,FL,Other financial service,12
2014,UT,Prepaid card,1
2013,AP,Credit reporting,6
2012,NV,Student loan,20
2014,NE,Vehicle loan or lease,10
2016,ME,Vehicle loan or lease,24
2017,AS,Bank account,1
2016,DC,Prepaid card,9
2012,AE,Credit card,6
2014,MH,Debt collection,4
2012,TN,Payday/personal loan,14
2012,AE,Bank account,3
2014,VI,Mortgage,8
2014,GA,Other financial service,1
2011,DC,Mortgage,5
2016,HI,Payday/personal loan,11
2015,ME,Vehicle loan or lease,10
2018,HI,Bank account,47
2018,PR,Payday/personal loan,7
2018,SD,Payday/personal loan,8
2018,GU,Credit reporting,16
2018,ME,Vehicle loan or lease,8
2018,AE,Mortgage,7
2018,WY,Money transfer/crypto,4
2018,UNITED STATES MINOR OUTLYING ISLANDS,Debt collection,5
2018,FM,Debt collection,20
2018,ND,Payday/personal loan,4
2018,UNITED STATES MINOR OUTLYING ISLANDS,Vehicle loan or lease,1
2020,GU,Bank account,2
2021,MI,Debt collection,1418
2021,AL,Bank account,284
2021,MI,Vehicle loan or lease,182
2021,IA,Credit card,138
2021,MT,Mortgage,49
2021,DC,Money transfer/crypto,60
2021,AR,Bank account,145
2021,TX,Payday/personal loan,403
2021,MN,Debt collection,561
2021,VT,Credit card,52
2021,MN,Vehicle loan or lease,85
2021,ND,Credit reporting,119
2021,WI,Payday/personal loan,69
2021,KS,Debt collection,241
2021,SD,Debt collection,52
2021,MO,Money transfer/crypto,126
2021,NH,Payday/personal loan,16
2021,IA,Bank account,74
2021,LA,Money transfer/crypto,122
2021,KS,Vehicle loan or lease,28
2021,WY,Debt collection,56
2022,UNITED STATES MINOR OUTLYING ISLANDS,Debt collection,12
2022,PR,Payday/personal loan,10
2016,MO,Other financial service,6
2012,WY,Bank account,7
2015,MT,Money transfer/crypto,3
2015,AE,Credit card,11
2012,MN,Credit reporting,7
2019,CA,Mortgage,3236
2019,FL,Payday/personal loan,282
2019,AZ,Debt collection,1023
2019,MN,Money transfer/crypto,54
2019,CT,Credit reporting,1155
2019,IA,Credit card,123
2019,TN,Bank account,324
2019,KY,Credit reporting,614
2019,MA,Credit reporting,1293
2019,NJ,Credit reporting,3849
2019,OH,Debt collection,1404
2019,PA,Mortgage,758
2019,UT,Credit reporting,1906
2019,NY,Money transfer/crypto,429
2019,DE,Debt collection,190
2019,NM,Debt collection,193
2019,MI,Payday/personal loan,101
2019,GA,Student loan,257
2019,VA,Student loan,204
2019,TN,Credit card,300
2019,IL,Money transfer/crypto,172
2019,WA,Credit reporting,1363
2019,IA,Bank account,50
2019,WI,Credit card,337
2019,WI,Bank account,170
2019,NC,Payday/personal loan,122
2019,RI,Credit card,91
2019,VT,Debt collection,23
2019,RI,Bank account,69
2019,OH,Vehicle loan or lease,134
2019,NE,Bank account,53
2019,NE,Credit card,81
2019,MT,Student loan,21
2019,AZ,Vehicle loan or lease,133
2019,IN,Money transfer/crypto,45
2023,AS,Credit reporting,7
2023,VI,Bank account,4
2023,GU,Student loan,2
2025,VT,Payday/personal loan,4
2025,AS,Bank account,2
2025,VT,Debt or credit management,3
2025,MP,Bank account,2
2026,AE,Debt or credit management,3
2026,AA,Credit reporting,11
2015,AR,Money transfer/crypto,8
2016,MP,Bank account,2
2014,MS,Student loan,21
2014,SD,Money transfer/crypto,2
2013,AE,Vehicle loan or lease,4
2015,ND,Vehicle loan or lease,5
2015,AP,Payday/personal loan,1
2017,FM,Credit card,3
2012,SD,Vehicle loan or lease,4
2015,IA,Vehicle loan or lease,10
2013,OK,Payday/personal loan,3
2013,AE,Debt collection,3
2015,CO,Other financial service,3
2019,SC,Student loan,94
2019,NH,Mortgage,93
2019,CO,Money transfer/crypto,80
2019,MO,Money transfer/crypto,48
2019,GU,Debt collection,3
2019,MD,Vehicle loan or lease,150
2019,KS,Mortgage,77
2019,OR,Payday/personal loan,41
2019,LA,Money transfer/crypto,48
2019,DE,Vehicle loan or lease,28
2019,WV,Debt collection,86
2019,AL,Payday/personal loan,86
2019,VI,Mortgage,4
2019,WV,Vehicle loan or lease,15
2019,VT,Vehicle loan or lease,6
2019,MS,Student loan,54
2019,ID,Student loan,24
2020,AS,Credit reporting,1
2020,AP,Vehicle loan or lease,3
2022,AK,Payday/personal loan,3
2016,FM,Credit card,5
2015,VI,Payday/personal loan,1
2016,VI,Student loan,2
2016,MT,Vehicle loan or lease,8
2021,CT,Student loan,66
2021,AE,Credit card,9
2021,AP,Credit card,5
2021,RI,Payday/personal loan,11
2024,ID,Debt or credit management,2
2024,AA,Credit reporting,20
2025,VT,Prepaid card,2
2015,VT,Payday/personal loan,5
2015,UT,Other financial service,2
2021,HI,Vehicle loan or lease,13
2021,AP,Bank account,5
2021,VI,Bank account,4
2021,GU,Credit card,4
2021,MS,Student loan,32
2021,WV,Student loan,13
2021,MP,Money transfer/crypto,1
2021,AA,Money transfer/crypto,1
2021,AE,Bank account,5
2022,AA,Debt collection,1
2012,PR,Credit reporting,4
2016,AK,Other financial service,1
2020,GU,Credit card,1
2024,AP,Prepaid card,4
2025,PW,Credit reporting,6
2026,AP,Debt or credit management,1
2013,ID,Money transfer/crypto,1
2014,ND,Vehicle loan or lease,2
2013,VI,Debt collection,3
2017,PR,Prepaid card,1
2013,WY,Money transfer/crypto,1
2016,AP,Payday/personal loan,1
2016,HI,Prepaid card,2
2016,FM,Bank account,1
2015,HI,Money transfer/crypto,3
2020,AA,Credit card,2
2015,PR,Prepaid card,2
2014,AL,Prepaid card,1
2014,GU,Student loan,1
2014,IA,Other financial service,1
2013,WV,Money transfer/crypto,1
2019,ME,Student loan,33
2019,HI,Payday/personal loan,14
2021,MH,Money transfer/crypto,2
2021,WY,Vehicle loan or lease,12
2021,VI,Credit card,2
2021,GU,Bank account,2
2014,LA,Prepaid card,1
2015,VT,Prepaid card,2
2019,AR,Payday/personal loan,23
2023,ID,Debt or credit management,1
2023,SD,Debt or credit management,1
2026,AP,Prepaid card,1
2014,ME,Money transfer/crypto,1
2019,SD,Mortgage,19
2019,WY,Money transfer/crypto,5
2019,AK,Money transfer/crypto,2
2019,NM,Vehicle loan or lease,12
2017,SD,Prepaid card,1
2023,AL,Credit reporting,21720
2023,PA,Credit reporting,55077
2023,IL,Credit reporting,48122
2023,MS,Credit reporting,11494
2023,TX,Payday/personal loan,850
2023,AZ,Credit card,1176
2023,NC,Debt collection,2393
2023,SC,Mortgage,417
2023,DC,Credit reporting,3905
2023,MI,Credit reporting,25112
2023,OH,Student loan,400
2023,AR,Credit reporting,6247
2023,NY,Money transfer/crypto,1053
2023,MD,Mortgage,825
2023,OK,Credit card,306
2023,VA,Mortgage,725
2023,WY,Debt collection,56
2023,MA,Debt collection,666
2023,NC,Vehicle loan or lease,509
2023,OK,Bank account,257
2023,AZ,Bank account,1215
2023,LA,Debt collection,1170
2023,IN,Payday/personal loan,127
2023,KY,Vehicle loan or lease,101
2023,NJ,Vehicle loan or lease,445
2023,NJ,Debt collection,2005
2023,NV,Bank account,803
2023,OR,Mortgage,263
2023,NM,Mortgage,99
2023,TN,Student loan,175
2024,IL,Credit reporting,107666
2024,GA,Credit reporting,181841
2024,IN,Credit reporting,33002
2024,SC,Money transfer/crypto,258
2024,CA,Prepaid card,1466
2024,FL,Bank account,4892
2024,FL,Credit card,7416
2024,DC,Credit reporting,8047
2024,WV,Credit card,283
2024,DE,Credit reporting,11608
2024,NC,Bank account,1612
2024,NC,Credit card,2116
2024,PA,Debt collection,6506
2024,AL,Bank account,512
2024,AZ,Bank account,1179
2024,AZ,Credit card,1698
2024,NJ,Prepaid card,242
2024,WA,Credit reporting,12803
2024,TN,Credit card,1083
2024,PA,Vehicle loan or lease,474
2024,CA,Debt or credit management,242
2024,NY,Money transfer/crypto,1194
2024,CO,Mortgage,456
2024,CA,Payday/personal loan,852
2024,OH,Payday/personal loan,334
2024,KY,Credit card,383
2024,TN,Bank account,786
2025,TX,Money transfer/crypto,9147
2025,SC,Credit reporting,112751
2025,OH,Credit reporting,95035
2025,NV,Credit card,1156
2025,MA,Money transfer/crypto,979
2025,CA,Debt collection,23799
2025,AR,Debt collection,2782
2025,LA,Money transfer/crypto,1669
2025,TN,Bank account,1460
2025,MS,Debt collection,2925
2025,KS,Money transfer/crypto,323
2025,DC,Credit reporting,15045
2025,NY,Vehicle loan or lease,1020
2025,CO,Debt collection,1938
2025,AL,Debt collection,5536
2025,TN,Credit card,1184
2025,NV,Bank account,1232
2025,VA,Debt collection,7057
2025,WY,Money transfer/crypto,82
2025,NY,Debt collection,11048
2025,VA,Vehicle loan or lease,528
2025,CO,Vehicle loan or lease,249
2025,AZ,Student loan,391
2025,CA,Vehicle loan or lease,2169
2025,UT,Mortgage,208
2026,TX,Debt collection,40517
2026,VA,Credit reporting,76262
2026,FL,Debt collection,24920
2026,AR,Credit reporting,37597
2026,NH,Mortgage,89
2026,GA,Money transfer/crypto,1245
2026,DC,Credit reporting,12887
2026,NV,Credit reporting,54880
2026,NM,Credit reporting,7437
2026,NC,Mortgage,752
2026,NY,Debt collection,8537
2026,WA,Bank account,1164
2026,MO,Prepaid card,80
2026,SC,Student loan,291
2026,MO,Payday/personal loan,216
2026,FL,Vehicle loan or lease,2288
2026,CT,Bank account,662
2026,NJ,Mortgage,800
2026,WI,Mortgage,188
2026,MI,Vehicle loan or lease,444
2026,TN,Money transfer/crypto,519
2017,MI,Debt collection,1073
2017,GA,Credit reporting,7177
2017,NJ,Debt collection,1440
2017,PR,Student loan,24
2017,AL,Credit reporting,1394
2017,OK,Debt collection,366
2017,NY,Student loan,1237
2017,MS,Mortgage,123
2017,IL,Mortgage,1169
2017,CO,Debt collection,736
2017,NV,Bank account,267
2017,FL,Money transfer/crypto,261
2017,SC,Bank account,210
2017,TX,Money transfer/crypto,247
2017,WI,Vehicle loan or lease,62
2017,NC,Mortgage,894
2017,MD,Credit card,654
2017,NJ,Vehicle loan or lease,277
2017,LA,Credit card,158
2017,ME,Debt collection,140
2017,TN,Bank account,261
2017,RI,Debt collection,108
2017,ID,Debt collection,137
2017,MD,Bank account,642
2017,CA,Student loan,1673
2017,NV,Credit card,255
2017,LA,Bank account,161
2017,MO,Payday/personal loan,96
2017,TN,Credit card,273
2017,VA,Credit reporting,2169
2017,OK,Vehicle loan or lease,54
2017,DC,Money transfer/crypto,19
2017,SC,Credit card,294
2017,MI,Vehicle loan or lease,130
2017,WI,Debt collection,496
2017,CT,Debt collection,398
2017,OR,Payday/personal loan,43
2017,WV,Debt collection,104
2017,DE,Vehicle loan or lease,38
2017,AP,Debt collection,9
2017,NM,Mortgage,129
2017,WV,Vehicle loan or lease,22
2017,DE,Debt collection,202
2017,UT,Student loan,73
2017,KS,Money transfer/crypto,18
2017,CT,Vehicle loan or lease,77
2017,AZ,Student loan,355
2017,IN,Money transfer/crypto,36
2017,WY,Debt collection,46
2012,CA,Mortgage,7397
2017,MO,Prepaid card,8
2017,LA,Other financial service,2
2012,MD,Mortgage,1487
2013,CA,Mortgage,9044
2012,IL,Mortgage,1178
2014,TX,Payday/personal loan,359
2016,SC,Payday/personal loan,130
2013,KY,Mortgage,278
2012,MI,Vehicle loan or lease,45
2014,CA,Debt collection,5213
2012,KY,Mortgage,204
2017,OH,Prepaid card,15
2013,MI,Credit reporting,309
2013,MA,Student loan,131
2016,DE,Credit reporting,167
2012,ND,Bank account,6
2012,CO,Bank account,199
2013,AZ,Money transfer/crypto,12
2014,MD,Mortgage,1730
2013,MT,Credit card,30
2013,AL,Mortgage,364
2012,ND,Credit card,11
2013,TX,Student loan,140
2013,CT,Mortgage,624
2015,CA,Debt collection,5268
2016,MD,Debt collection,1067
2012,FL,Student loan,164
2015,LA,Debt collection,555
2016,MA,Debt collection,485
2015,PA,Payday/personal loan,125
2014,NJ,Debt collection,1357
2016,OK,Debt collection,371
2016,LA,Debt collection,485
2014,VA,Payday/personal loan,152
2016,OH,Credit card,681
2013,FL,Payday/personal loan,64
2013,GA,Debt collection,462
2015,GA,Mortgage,1949
2015,FL,Payday/personal loan,286
2016,VA,Debt collection,1153
2015,TN,Debt collection,816
2014,CO,Debt collection,660
2016,CA,Student loan,949
2017,TN,Other financial service,6
2015,MA,Debt collection,531
2015,NJ,Money transfer/crypto,65
2016,TX,Payday/personal loan,556
2015,CA,Vehicle loan or lease,574
2015,MI,Payday/personal loan,105
2016,FL,Payday/personal loan,354
2015,OR,Debt collection,476
2013,VA,Debt collection,356
2015,KY,Debt collection,361
2016,WA,Payday/personal loan,98
2016,OH,Other financial service,16
2017,MN,Payday/personal loan,54
2015,DE,Payday/personal loan,30
2015,MN,Debt collection,434
2016,MN,Credit reporting,444
2017,MN,Prepaid card,5
2014,PA,Mortgage,1424
2016,WI,Bank account,242
2012,CO,Credit card,302
2015,NV,Payday/personal loan,90
2016,WI,Credit card,267
2016,MS,Mortgage,170
2014,MS,Payday/personal loan,44
2014,HI,Mortgage,199
2016,ID,Credit card,93
2016,UT,Mortgage,271
2016,AZ,Student loan,175
2015,AL,Payday/personal loan,118
2016,MI,Student loan,252
2016,KS,Bank account,118
2017,ID,Vehicle loan or lease,18
2015,TX,Money transfer/crypto,131
2015,SD,Debt collection,73
2016,NV,Bank account,310
2015,AZ,Payday/personal loan,94
2016,IA,Mortgage,119
2013,IL,Credit reporting,500
2017,MD,Other financial service,5
2015,MN,Vehicle loan or lease,35
2015,OH,Payday/personal loan,187
2013,DC,Mortgage,240
2016,VA,Vehicle loan or lease,211
2015,IA,Mortgage,115
2013,VA,Vehicle loan or lease,95
2013,RI,Mortgage,129
2013,MT,Bank account,13
2011,VT,Credit card,2
2013,MO,Money transfer/crypto,11
2013,PA,Credit reporting,512
2014,WI,Credit card,230
2014,KS,Mortgage,149
2013,GA,Vehicle loan or lease,102
2015,MI,Prepaid card,67
2015,NY,Student loan,322
2015,RI,Debt collection,112
2016,AP,Student loan,4
2014,IL,Student loan,203
2014,LA,Student loan,43
2012,TN,Student loan,32
2014,CT,Bank account,190
2013,OR,Debt collection,150
2016,PR,Mortgage,84
2016,CT,Prepaid card,13
2014,WA,Credit reporting,495
2014,OK,Payday/personal loan,50
2014,CO,Vehicle loan or lease,59
2012,AL,Vehicle loan or lease,13
2015,MD,Bank account,548
2014,MI,Credit reporting,626
2015,IL,Credit card,624
2012,PA,Vehicle loan or lease,39
2012,NH,Payday/personal loan,4
2013,OH,Credit reporting,359
2014,IN,Credit reporting,339
2014,ME,Other financial service,2
2011,UT,Credit card,6
2016,NV,Credit card,267
2014,NE,Mortgage,108
2016,OH,Bank account,650
2015,NC,Money transfer/crypto,38
2016,ID,Bank account,65
2014,NV,Bank account,182
2012,NC,Student loan,64
2015,WI,Payday/personal loan,69
2016,MO,Money transfer/crypto,22
2013,OR,Vehicle loan or lease,18
2016,MA,Vehicle loan or lease,81
2012,NJ,Student loan,119
2014,MO,Payday/personal loan,82
2016,AL,Student loan,84
2011,CT,Credit card,21
2014,NV,Credit card,158
2011,NC,Mortgage,36
2014,MA,Student loan,151
2015,MD,Credit card,531
2015,KS,Credit card,112
2012,NE,Credit card,54
2014,NY,Money transfer/crypto,102
2014,TX,Prepaid card,26
2016,FL,Prepaid card,83
2011,GA,Credit card,38
2014,CT,Credit card,219
2016,TX,Prepaid card,105
2015,AR,Credit card,63
2014,ME,Credit card,65
2015,WV,Credit reporting,144
2014,FL,Money transfer/crypto,104
2014,RI,Credit reporting,123
2014,NC,Credit reporting,826
2016,IN,Credit reporting,387
2014,TN,Credit reporting,417
2016,PA,Credit reporting,1347
2015,CT,Credit reporting,347
2014,SC,Credit reporting,385
2014,WY,Credit reporting,45
2012,MO,Credit reporting,29
2015,SC,Credit reporting,553
2014,AK,Credit reporting,39
2015,NM,Credit reporting,213
2015,FL,Prepaid card,94
2014,MN,Credit reporting,235
2014,DE,Credit reporting,145
2014,KY,Student loan,38
2016,LA,Vehicle loan or lease,69
2015,KS,Bank account,76
2015,HI,Bank account,33
2014,AL,Student loan,35
2015,IL,Bank account,649
2015,PA,Prepaid card,54
2015,KY,Vehicle loan or lease,39
2016,DC,Student loan,105
2016,OR,Payday/personal loan,59
2013,SD,Credit card,27
2014,WI,Bank account,135
2016,VT,Mortgage,45
2015,NV,Prepaid card,29
2015,LA,Vehicle loan or lease,59
2014,CA,Vehicle loan or lease,376
2013,NC,Credit reporting,356
2012,SC,Credit reporting,42
2014,IA,Money transfer/crypto,5
2015,CO,Money transfer/crypto,17
2014,ME,Bank account,42
2015,MS,Payday/personal loan,53
2015,AR,Bank account,83
2012,NE,Bank account,49
2016,NY,Prepaid card,70
2016,ME,Mortgage,141
2013,MN,Credit reporting,128
2013,NH,Credit reporting,48
2014,NH,Credit reporting,123
2013,PR,Credit reporting,54
2014,NJ,Vehicle loan or lease,158
2016,MT,Mortgage,69
2011,MA,Mortgage,42
2015,OK,Credit reporting,259
2016,NY,Payday/personal loan,153
2016,KS,Credit card,96
2012,AZ,Payday/personal loan,13
2016,MD,Vehicle loan or lease,213
2014,AR,Bank account,57
2014,ND,Mortgage,26
2014,GA,Money transfer/crypto,37
2016,OK,Vehicle loan or lease,63
2014,NM,Payday/personal loan,37
2014,SD,Bank account,15
2015,TN,Vehicle loan or lease,89
2016,CT,Payday/personal loan,56
2016,HI,Student loan,27
2014,UT,Student loan,21
2014,MT,Money transfer/crypto,1
2015,MA,Vehicle loan or lease,66
2014,AZ,Student loan,61
2012,WV,Student loan,21
2013,KS,Student loan,14
2014,DC,Student loan,47
2017,NE,Money transfer/crypto,10
2018,UT,Mortgage,131
2018,IA,Debt collection,199
2018,WI,Student loan,111
2018,SC,Credit reporting,2583
2018,AZ,Debt collection,1156
2018,PA,Credit card,846
2018,TX,Payday/personal loan,409
2018,KY,Credit reporting,659
2018,LA,Credit reporting,1835
2018,TN,Credit reporting,2208
2018,GA,Debt collection,3054
2018,IL,Payday/personal loan,159
2018,GA,Vehicle loan or lease,305
2018,KS,Mortgage,84
2018,NC,Payday/personal loan,117
2018,MI,Student loan,246
2018,WA,Money transfer/crypto,140
2018,NY,Payday/personal loan,108
2018,WY,Credit card,30
2018,OR,Credit card,274
2018,VA,Payday/personal loan,180
2018,MD,Vehicle loan or lease,177
2018,MD,Debt collection,1110
2018,CO,Student loan,194
2018,IN,Student loan,142
2018,FL,Payday/personal loan,293
2018,NM,Bank account,61
2018,PA,Bank account,773
2018,AL,Credit card,205
2018,MN,Mortgage,238
2018,OR,Bank account,182
2018,MA,Payday/personal loan,48
2018,CT,Mortgage,357
2018,DE,Credit card,152
2018,MS,Credit card,105
2018,WV,Money transfer/crypto,13
2018,AZ,Vehicle loan or lease,135
2018,ME,Mortgage,68
2018,OK,Money transfer/crypto,30
2018,DE,Bank account,93
2018,WY,Bank account,17
2018,MO,Money transfer/crypto,54
2020,NY,Credit reporting,18506
2020,FL,Debt collection,5518
2020,MA,Student loan,147
2020,DC,Debt collection,150
2020,PA,Mortgage,813
2020,CT,Credit reporting,1616
2020,WI,Credit card,343
2020,HI,Credit reporting,475
2020,GA,Bank account,999
2020,MI,Debt collection,1096
2020,TX,Mortgage,1648
2020,TN,Debt collection,955
2020,VA,Bank account,623
2020,VA,Credit card,840
2020,CA,Money transfer/crypto,933
2020,FL,Vehicle loan or lease,744
2020,DE,Credit reporting,1153
2020,GA,Credit card,1284
2020,LA,Money transfer/crypto,48
2020,NM,Debt collection,168
2020,WI,Bank account,196
2020,MS,Payday/personal loan,37
2020,IN,Student loan,73
2020,NJ,Money transfer/crypto,347
2020,KY,Credit card,205
2020,IL,Money transfer/crypto,323
2020,KY,Bank account,176
2020,SC,Money transfer/crypto,84
2022,MD,Credit reporting,16615
2022,OK,Money transfer/crypto,70
2022,NC,Credit reporting,23400
2022,NM,Debt collection,207
2022,AZ,Credit reporting,9409
2022,NJ,Bank account,1323
2022,TX,Bank account,2958
2022,OH,Credit reporting,13148
2022,NJ,Credit card,1583
2022,WA,Credit reporting,3777
2022,CT,Student loan,100
2022,TX,Credit card,2812
2022,AR,Money transfer/crypto,57
2022,CA,Student loan,837
2022,VA,Money transfer/crypto,404
2022,WI,Debt collection,529
2022,MO,Money transfer/crypto,150
2022,WI,Vehicle loan or lease,65
2022,DC,Credit card,187
2022,SC,Debt collection,1524
2022,IN,Debt collection,761
2022,PA,Payday/personal loan,204
2022,MS,Mortgage,132
2022,CO,Mortgage,513
2022,MI,Mortgage,526
2022,IN,Vehicle loan or lease,122
2022,DC,Bank account,233
2022,FL,Student loan,479
2022,KY,Money transfer/crypto,93
2022,MN,Student loan,133
2022,AL,Payday/personal loan,108
2023,FL,Student loan,615
2023,DE,Bank account,206
2023,NV,Credit card,734
2023,MN,Money transfer/crypto,154
2023,MO,Mortgage,288
2023,MA,Vehicle loan or lease,146
2023,DE,Credit card,281
2023,KS,Money transfer/crypto,69
2023,KY,Debt collection,430
2023,LA,Vehicle loan or lease,203
2023,CT,Money transfer/crypto,146
2023,GA,Student loan,409
2023,RI,Money transfer/crypto,29
2023,AK,Mortgage,35
2023,MT,Mortgage,47
2023,IA,Payday/personal loan,29
2023,VT,Debt collection,45
2023,UT,Student loan,88
2023,VT,Vehicle loan or lease,13
2023,ND,Money transfer/crypto,23
2023,AE,Debt collection,20
2023,SD,Student loan,18
2023,ID,Student loan,34
2023,TX,Debt or credit management,38
2023,TX,Prepaid card,149
2023,IN,Prepaid card,31
2023,WY,Vehicle loan or lease,9
2023,WV,Student loan,49
2023,IA,Prepaid card,8
2024,LA,Payday/personal loan,209
2024,AL,Credit card,902
2024,AR,Vehicle loan or lease,83
2024,UT,Student loan,97
2024,MO,Money transfer/crypto,208
2024,AR,Debt collection,946
2024,IA,Payday/personal loan,38
2024,KY,Bank account,378
2024,RI,Bank account,149
2024,WI,Student loan,203
2024,OH,Prepaid card,187
2024,NJ,Payday/personal loan,264
2024,OK,Prepaid card,55
2024,CT,Student loan,198
2024,MD,Prepaid card,117
2024,VT,Prepaid card,7
2024,KS,Money transfer/crypto,82
2024,ND,Prepaid card,7
2024,MN,Student loan,263
2024,IA,Prepaid card,54
2024,RI,Credit card,153
2024,WV,Bank account,138
2024,HI,Credit card,197
2024,NM,Debt or credit management,14
2024,OH,Debt or credit management,58
2024,NM,Payday/personal loan,55
2024,PR,Debt collection,182
2024,MT,Mortgage,49
2024,MD,Payday/personal loan,252
2024,HI,Bank account,108
2024,UNITED STATES MINOR OUTLYING ISLANDS,Credit reporting,208
2024,LA,Prepaid card,58
2024,ME,Money transfer/crypto,35
2024,NJ,Debt or credit management,75
2024,NH,Prepaid card,14
2024,VI,Debt collection,32
2024,WY,Mortgage,27
2024,NM,Prepaid card,10
2024,OK,Payday/personal loan,82
2024,VT,Payday/personal loan,8
2024,SD,Payday/personal loan,19
2024,MS,Money transfer/crypto,94
2024,AK,Payday/personal loan,6
2024,ID,Student loan,50
2024,NH,Payday/personal loan,26
2024,OK,Debt or credit management,29
2024,SD,Debt or credit management,2
2024,LA,Debt or credit management,34
2024,MD,Debt or credit management,76
2024,ND,Payday/personal loan,10
2025,WV,Credit reporting,3682
2025,IN,Vehicle loan or lease,341
2025,IL,Debt or credit management,134
2025,PA,Payday/personal loan,389
2025,CT,Debt collection,2083
2025,IL,Payday/personal loan,436
2025,AL,Vehicle loan or lease,370
2025,WI,Debt collection,1795
2025,SD,Money transfer/crypto,66
2025,WI,Vehicle loan or lease,207
2025,PA,Prepaid card,205
2025,MN,Debt collection,1901
2025,GA,Mortgage,1378
2025,OK,Student loan,152
2025,NJ,Payday/personal loan,373
2025,MD,Mortgage,761
2025,AS,Money transfer/crypto,2
2025,IN,Debt collection,3686
2025,NJ,Prepaid card,190
2025,WA,Mortgage,510
2025,PA,Debt or credit management,183
2025,CT,Vehicle loan or lease,188
2025,MS,Vehicle loan or lease,207
2025,ND,Debt collection,299
2025,VI,Credit reporting,1581
2025,VT,Student loan,27
2025,OR,Mortgage,225
2025,NJ,Debt or credit management,122
2025,NC,Mortgage,920
2025,ME,Credit reporting,1928
2025,KY,Payday/personal loan,123
2025,MN,Vehicle loan or lease,152
2025,NM,Mortgage,124
2025,IL,Prepaid card,208
2025,PR,Vehicle loan or lease,54
2025,NH,Debt collection,297
2025,MO,Mortgage,318
2025,DE,Mortgage,110
2025,AR,Vehicle loan or lease,157
2025,MT,Payday/personal loan,14
2025,PR,Debt collection,221
2025,KY,Debt or credit management,39
2025,NE,Prepaid card,25
2025,MT,Prepaid card,6
2025,AK,Debt or credit management,8
2025,HI,Student loan,53
2025,ID,Payday/personal loan,61
2025,KY,Prepaid card,79
2025,NH,Vehicle loan or lease,37
2025,AK,Prepaid card,8
2025,AK,Payday/personal loan,16
2025,NE,Payday/personal loan,38
2025,ID,Prepaid card,19
2025,ND,Vehicle loan or lease,19
2025,NE,Debt or credit management,9
2025,ID,Debt or credit management,7
2025,AP,Mortgage,4
2026,TX,Vehicle loan or lease,1878
2026,IA,Bank account,260
2026,MT,Credit reporting,1602
2026,MI,Debt collection,4651
2026,CA,Student loan,1445
2026,KS,Credit card,341
2026,NY,Vehicle loan or lease,806
2026,MD,Mortgage,784
2026,OR,Debt collection,976
2026,HI,Credit card,255
2026,IL,Debt or credit management,86
2026,AL,Student loan,338
2026,WA,Credit card,1614
2026,MA,Mortgage,386
2026,HI,Bank account,157
2026,IL,Prepaid card,156
2026,AK,Prepaid card,4
2026,PA,Debt or credit management,97
2026,PA,Prepaid card,158
2026,KY,Mortgage,195
2026,CT,Credit card,695
2026,OH,Money transfer/crypto,700
2026,IL,Payday/personal loan,379
2026,UT,Mortgage,210
2026,KS,Bank account,237
2026,NE,Payday/personal loan,29
2026,CO,Student loan,243
2026,OR,Vehicle loan or lease,90
2026,IN,Student loan,264
2026,PA,Payday/personal loan,406
2026,AK,Payday/personal loan,16
2026,UNITED STATES MINOR OUTLYING ISLANDS,Debt collection,29
2026,AZ,Mortgage,566
2026,MN,Student loan,194
2026,VT,Debt collection,58
2026,MO,Debt or credit management,60
2026,IA,Credit card,251
2026,OK,Student loan,84
2026,SD,Debt collection,148
2026,ND,Student loan,12
2026,MS,Mortgage,180
2026,WV,Student loan,46
2026,SD,Vehicle loan or lease,22
2026,RI,Mortgage,65
2026,PR,Money transfer/crypto,51
2026,ID,Money transfer/crypto,121
2026,DE,Payday/personal loan,68
2026,DE,Prepaid card,13
2026,VT,Vehicle loan or lease,33
2026,MP,Credit reporting,17
2026,GU,Debt collection,11
2026,WY,Payday/personal loan,17
2026,AE,Student loan,7
2017,OH,Payday/personal loan,254
2017,AK,Student loan,26
2017,MT,Credit reporting,100
2017,IA,Bank account,67
2017,NH,Mortgage,120
2017,IA,Credit card,84
2017,CO,Vehicle loan or lease,113
2017,ND,Money transfer/crypto,6
2017,SD,Student loan,36
2017,AR,Payday/personal loan,29
2017,AE,Credit reporting,26
2017,RI,Vehicle loan or lease,13
2016,NJ,Credit reporting,1369
2016,GA,Mortgage,1982
2016,WA,Prepaid card,27
2016,GU,Credit reporting,9
2015,DC,Payday/personal loan,28
2015,WI,Prepaid card,37
2015,ND,Mortgage,19
2013,SC,Student loan,31
2014,AR,Credit card,62
2013,SD,Bank account,19
2016,AE,Credit reporting,13
2015,ME,Mortgage,161
2013,WV,Credit card,34
2015,VA,Student loan,137
2015,DC,Prepaid card,15
2011,SD,Credit card,7
2015,WY,Credit card,15
2016,SC,Prepaid card,16
2012,NM,Vehicle loan or lease,6
2014,VI,Debt collection,4
2015,HI,Credit card,67
2016,OR,Prepaid card,20
2016,SD,Credit reporting,47
2012,SD,Mortgage,33
2016,VI,Payday/personal loan,2
2012,DC,Payday/personal loan,4
2017,HI,Payday/personal loan,6
2017,GU,Credit card,10
2017,GU,Bank account,3
2017,ME,Vehicle loan or lease,12
2017,AP,Vehicle loan or lease,1
2018,MT,Mortgage,41
2018,HI,Money transfer/crypto,15
2018,IA,Vehicle loan or lease,14
2018,NM,Credit card,87
2018,RI,Mortgage,84
2018,AL,Bank account,159
2018,MS,Bank account,59
2018,AE,Debt collection,13
2018,AP,Student loan,1
2018,PR,Student loan,19
2018,AK,Debt collection,60
2018,SD,Student loan,13
2020,MT,Debt collection,81
2020,MN,Payday/personal loan,53
2020,AL,Student loan,55
2020,ME,Credit reporting,171
2020,AP,Mortgage,6
2020,MI,Vehicle loan or lease,167
2020,DC,Vehicle loan or lease,43
2020,AR,Mortgage,104
2020,RI,Mortgage,91
2020,NC,Payday/personal loan,118
2020,TN,Vehicle loan or lease,120
2020,CO,Money transfer/crypto,117
2020,WA,Money transfer/crypto,121
2020,NV,Student loan,36
2020,WV,Mortgage,41
2020,MT,Vehicle loan or lease,14
2020,UT,Money transfer/crypto,40
2020,OH,Student loan,168
2020,NE,Money transfer/crypto,18
2020,KS,Student loan,27
2020,AK,Money transfer/crypto,10
2020,NM,Vehicle loan or lease,15
2020,UNITED STATES MINOR OUTLYING ISLANDS,Credit reporting,22
2020,SD,Money transfer/crypto,6
2020,OK,Student loan,28
2020,NH,Student loan,23
2020,VI,Bank account,3
2020,VI,Credit card,4
2020,AE,Money transfer/crypto,2
2020,ND,Mortgage,7
2020,WY,Student loan,4
2022,UT,Payday/personal loan,49
2022,IL,Payday/personal loan,220
2022,RI,Debt collection,130
2022,ND,Money transfer/crypto,10
2022,NH,Mortgage,111
2022,NV,Payday/personal loan,84
2022,ID,Debt collection,128
2022,HI,Bank account,75
2022,WY,Mortgage,18
2022,NE,Debt collection,128
2022,DE,Mortgage,112
2022,GA,Student loan,320
2022,ME,Mortgage,70
2022,MA,Payday/personal loan,64
2022,OR,Mortgage,225
2022,KS,Payday/personal loan,30
2022,HI,Credit card,140
2022,MT,Money transfer/crypto,41
2022,PR,Student loan,18
2022,SC,Vehicle loan or lease,174
2022,ID,Vehicle loan or lease,19
2022,AE,Credit reporting,152
2022,VT,Vehicle loan or lease,17
2022,VT,Debt collection,24
2022,NE,Vehicle loan or lease,17
2022,RI,Vehicle loan or lease,33
2022,NM,Vehicle loan or lease,20
2022,SD,Student loan,10
2024,SD,Prepaid card,13
2013,ID,Credit card,55
2011,PR,Credit card,9
2013,ND,Credit card,10
2011,HI,Credit card,5
2012,LA,Vehicle loan or lease,9
2015,VT,Student loan,14
2015,AZ,Prepaid card,34
2011,KS,Mortgage,4
2015,OH,Prepaid card,53
2013,AE,Mortgage,18
2015,MS,Prepaid card,16
2014,ID,Money transfer/crypto,5
2016,WV,Money transfer/crypto,10
2016,AR,Payday/personal loan,12
2015,PR,Student loan,5
2015,WY,Bank account,6
2013,WV,Bank account,35
2014,SD,Credit card,33
2011,DE,Mortgage,6
2015,DE,Prepaid card,9
2012,WI,Vehicle loan or lease,19
2015,MT,Credit card,33
2015,MD,Other financial service,8
2015,OR,Vehicle loan or lease,37
2021,FL,Credit reporting,35467
2021,MD,Credit reporting,8973
2021,AZ,Credit reporting,3923
2021,NV,Debt collection,974
2021,AK,Mortgage,37
2021,NJ,Credit reporting,10687
2021,VA,Credit reporting,6120
2021,MO,Credit card,319
2021,CO,Credit card,627
2021,MO,Bank account,279
2021,TN,Debt collection,1525
2021,OH,Mortgage,633
2021,TX,Student loan,322
2021,NV,Vehicle loan or lease,111
2021,WA,Mortgage,587
2021,MI,Mortgage,553
2021,PA,Mortgage,987
2021,PR,Credit reporting,1134
2021,CO,Bank account,472
2021,LA,Bank account,345
2021,TN,Vehicle loan or lease,140
2021,AR,Money transfer/crypto,62
2021,AL,Money transfer/crypto,108
2021,OR,Money transfer/crypto,138
2021,CA,Student loan,383
2021,SC,Vehicle loan or lease,200
2026,PW,Credit reporting,32
2023,AE,Vehicle loan or lease,4
2023,IN,Debt or credit management,5
2024,IA,Debt or credit management,9
2024,PR,Vehicle loan or lease,27
2024,AP,Student loan,5
2024,AK,Debt or credit management,5
2025,GU,Debt collection,5
2025,GU,Vehicle loan or lease,3
2025,MT,Debt or credit management,7
2026,NE,Prepaid card,14
2026,DE,Debt or credit management,9
2026,AS,Debt collection,5
2012,IA,Credit reporting,19
2013,WY,Credit card,13
2016,RI,Student loan,32
2011,IA,Credit card,9
2012,MS,Student loan,6
2017,AR,Prepaid card,1
2015,AL,Prepaid card,22
2013,FM,Credit reporting,2
2016,AR,Prepaid card,7
2013,AK,Credit reporting,27
2012,NV,Payday/personal loan,5
2013,WY,Bank account,8
2016,TN,Money transfer/crypto,20
2011,NH,Credit card,3
2015,SD,Vehicle loan or lease,12
2017,SC,Other financial service,2
2016,CO,Money transfer/crypto,30
2013,OK,Student loan,21
2013,VI,Mortgage,9
2013,WA,Payday/personal loan,10
2013,ND,Bank account,8
2011,MN,Mortgage,21
2015,MT,Bank account,12
2012,DE,Credit reporting,8
2014,MH,Mortgage,1
2015,FM,Credit reporting,3
2015,RI,Vehicle loan or lease,18
2017,NV,Other financial service,2
2011,NM,Credit card,4
2013,ID,Bank account,30
2018,NH,Payday/personal loan,9
2018,ND,Student loan,18
2018,AA,Student loan,1
2018,FM,Mortgage,4
2018,UNITED STATES MINOR OUTLYING ISLANDS,Mortgage,7
2018,AK,Vehicle loan or lease,3
2018,VI,Credit reporting,5
2020,GU,Money transfer/crypto,4
2020,AA,Money transfer/crypto,1
2021,SC,Debt collection,1593
2021,KY,Bank account,187
2021,MN,Mortgage,265
2021,IN,Money transfer/crypto,159
2021,LA,Credit card,260
2021,DC,Credit card,171
2021,MT,Debt collection,66
2021,DC,Bank account,207
2021,ME,Credit reporting,162
2021,HI,Mortgage,92
2021,NE,Credit reporting,255
2021,KY,Credit card,158
2021,UT,Money transfer/crypto,68
2021,KS,Mortgage,109
2021,NH,Student loan,14
2021,WY,Mortgage,21
2021,WI,Student loan,47
2021,SD,Mortgage,25
2021,DE,Payday/personal loan,31
2022,AK,Student loan,17
2022,MP,Credit reporting,4
2017,MH,Student loan,1
2012,OR,Payday/personal loan,14
2014,MP,Credit card,1
2015,WA,Money transfer/crypto,32
2014,PR,Money transfer/crypto,3
2016,WY,Mortgage,33
2013,UT,Money transfer/crypto,4
2012,MT,Payday/personal loan,3
2016,NV,Other financial service,5
2016,MH,Payday/personal loan,1
2013,MD,Payday/personal loan,30
2013,LA,Payday/personal loan,19
2019,CA,Debt collection,5153
2019,IN,Bank account,206
2019,CA,Vehicle loan or lease,694
2019,IL,Bank account,960
2019,NY,Bank account,1851
2019,NY,Credit card,2336
2019,MN,Bank account,225
2019,TX,Credit reporting,13271
2019,NV,Credit reporting,2354
2019,AL,Student loan,88
2019,OH,Mortgage,483
2019,NC,Student loan,205
2019,PR,Credit reporting,322
2019,CO,Bank account,299
2019,MN,Credit card,325
2019,MO,Credit card,271
2019,PA,Debt collection,1342
2019,IN,Credit card,242
2019,AZ,Mortgage,560
2019,MO,Bank account,222
2019,SD,Debt collection,31
2019,IL,Credit card,903
2019,DC,Credit reporting,516
2019,MD,Mortgage,790
2019,NM,Mortgage,99
2019,SC,Payday/personal loan,136
2019,VA,Payday/personal loan,142
2019,ID,Payday/personal loan,17
2019,OR,Student loan,128
2019,FL,Student loan,513
2019,MI,Student loan,194
2019,CO,Credit card,406
2019,NH,Debt collection,106
2019,TN,Money transfer/crypto,68
2019,GA,Payday/personal loan,200
2019,LA,Credit card,202
2019,AK,Credit card,31
2019,KS,Debt collection,293
2019,DE,Mortgage,124
2019,OK,Credit reporting,492
2019,WY,Credit card,19
2019,LA,Bank account,158
2019,PA,Vehicle loan or lease,213
2019,MS,Payday/personal loan,57
2019,WI,Money transfer/crypto,46
2019,WV,Mortgage,47
2023,GU,Payday/personal loan,2
2024,NH,Debt or credit management,6
2024,AK,Prepaid card,3
2025,UNITED STATES MINOR OUTLYING ISLANDS,Payday/personal loan,1
2025,AE,Debt or credit management,2
2026,NE,Debt or credit management,6
2012,HI,Payday/personal loan,3
2014,AS,Credit reporting,2
2015,IL,Other financial service,15
2016,WI,Other financial service,2
2012,ID,Payday/personal loan,3
2014,AR,Other financial service,1
2015,GU,Credit reporting,8
2014,VA,Prepaid card,10
2015,UT,Money transfer/crypto,8
2012,UT,Payday/personal loan,3
2013,NE,Payday/personal loan,4
2013,GU,Credit card,2
2019,UNITED STATES MINOR OUTLYING ISLANDS,Payday/personal loan,2
2019,AR,Student loan,52
2019,MT,Payday/personal loan,9
2019,AP,Credit reporting,16
2019,NH,Vehicle loan or lease,14
2019,ND,Credit reporting,100
2019,VT,Mortgage,40
2019,WY,Bank account,9
2019,AS,Credit reporting,2
2019,IA,Money transfer/crypto,19
2019,KS,Vehicle loan or lease,29
2019,SD,Vehicle loan or lease,5
2019,HI,Student loan,24
2019,AE,Bank account,7
2019,NE,Money transfer/crypto,15
2020,PR,Student loan,8
2022,VI,Mortgage,3
2022,UNITED STATES MINOR OUTLYING ISLANDS,Mortgage,2
2016,AK,Money transfer/crypto,3
2017,OR,Prepaid card,3
2012,PW,Credit card,1
2021,MS,Payday/personal loan,53
2021,WV,Payday/personal loan,6
2023,IA,Debt or credit management,4
2023,VI,Money transfer/crypto,2
2024,ND,Debt or credit management,2
2025,AE,Payday/personal loan,2
2025,AA,Mortgage,2
2026,WY,Debt or credit management,2
2026,AK,Debt or credit management,3
2016,NH,Money transfer/crypto,6
2017,WY,Vehicle loan or lease,4
2021,VT,Money transfer/crypto,11
2021,IA,Money transfer/crypto,42
2021,CT,Payday/personal loan,40
2021,MT,Vehicle loan or lease,26
2021,AE,Money transfer/crypto,7
2021,MP,Bank account,2
2021,UNITED STATES MINOR OUTLYING ISLANDS,Payday/personal loan,2
2021,RI,Student loan,11
2021,AP,Money transfer/crypto,4
2015,KS,Other financial service,3
2023,AA,Bank account,1
2024,VT,Debt or credit management,1
2013,IN,Money transfer/crypto,4
2013,WI,Money transfer/crypto,8
2013,NV,Money transfer/crypto,9
2013,GU,Bank account,2
2016,KS,Other financial service,1
2015,AS,Debt collection,2
2019,AE,Credit card,8
2019,AK,Bank account,12
2024,VI,Vehicle loan or lease,1
2024,AS,Payday/personal loan,1
2026,AP,Student loan,2
2016,AA,Bank account,1
2014,NM,Prepaid card,2
2014,OK,Prepaid card,3
2012,ME,Payday/personal loan,4
2015,VI,Student loan,1
2012,VT,Credit reporting,1
2018,AE,Vehicle loan or lease,1
2021,VI,Money transfer/crypto,3
2015,AP,Student loan,1
2015,WY,Other financial service,1
2026,WY,Prepaid card,3
2025,AE,Prepaid card,1
2013,VT,Money transfer/crypto,1
2014,CT,Other financial service,1
2019,GU,Mortgage,1
2019,ME,Payday/personal loan,6
2019,RI,Money transfer/crypto,9
2019,VI,Debt collection,4
2015,AE,Money transfer/crypto,1
2017,MP,Money transfer/crypto,1
2016,AA,Credit card,1
2023,SC,Credit reporting,20857
2023,MO,Credit reporting,13655
2023,VA,Credit reporting,22718
2023,CA,Debt collection,6795
2023,MD,Credit reporting,25933
2023,CA,Vehicle loan or lease,1270
2023,AK,Credit reporting,477
2023,OR,Credit reporting,2369
2023,FL,Money transfer/crypto,1085
2023,NM,Credit reporting,1868
2023,NV,Payday/personal loan,107
2023,TX,Credit card,5089
2023,IA,Bank account,247
2023,IN,Bank account,538
2023,NE,Debt collection,157
2023,IL,Mortgage,906
2023,PA,Mortgage,879
2023,WI,Debt collection,577
2023,TX,Bank account,4382
2023,MS,Mortgage,118
2023,NY,Student loan,775
2023,CO,Debt collection,752
2023,MN,Student loan,230
2023,MI,Mortgage,512
2023,GA,Money transfer/crypto,548
2023,WA,Debt collection,778
2023,AL,Mortgage,274
2023,WA,Vehicle loan or lease,151
2023,NH,Debt collection,113
2023,IA,Credit card,200
2024,CA,Bank account,7973
2024,MI,Vehicle loan or lease,409
2024,TX,Debt collection,26179
2024,CA,Credit card,9301
2024,MO,Student loan,237
2024,MD,Bank account,1379
2024,NJ,Bank account,2012
2024,GA,Mortgage,1102
2024,MI,Debt collection,3951
2024,TN,Payday/personal loan,256
2024,KS,Student loan,87
2024,NY,Student loan,905
2024,NJ,Credit card,2477
2024,MD,Credit card,1811
2024,UT,Money transfer/crypto,107
2024,VA,Debt collection,3652
2024,OH,Bank account,1360
2024,NM,Credit card,283
2024,MA,Debt collection,1618
2024,CO,Credit reporting,11328
2024,CT,Money transfer/crypto,158
2024,NH,Bank account,115
2024,IA,Credit card,256
2024,MN,Money transfer/crypto,204
2024,NC,Prepaid card,145
2024,LA,Bank account,513
2024,WA,Mortgage,469
2024,LA,Credit card,1034
2024,AE,Debt collection,22
2024,OK,Credit card,398
2024,TX,Vehicle loan or lease,1289
2024,AZ,Payday/personal loan,210
2024,NE,Debt collection,521
2024,MS,Student loan,92
2024,VT,Bank account,43
2025,GA,Credit reporting,383474
2025,NC,Credit reporting,173313
2025,MD,Credit reporting,118484
2025,MO,Credit reporting,50065
2025,NJ,Bank account,2778
2025,OK,Money transfer/crypto,707
2025,OR,Credit reporting,9331
2025,DE,Credit reporting,20888
2025,IL,Credit card,3761
2025,FL,Debt collection,31702
2025,AZ,Money transfer/crypto,1399
2025,FL,Vehicle loan or lease,2426
2025,WA,Credit reporting,34031
2025,VT,Money transfer/crypto,32
2025,UT,Credit reporting,11671
2025,IL,Bank account,3412
2025,PA,Bank account,3003
2025,NM,Credit reporting,6610
2025,PA,Credit card,2924
2025,TN,Prepaid card,117
2025,TN,Debt or credit management,101
2025,HI,Money transfer/crypto,143
2025,NJ,Credit card,3080
2025,KY,Bank account,590
2025,MI,Debt collection,6684
2025,OH,Mortgage,610
2025,KY,Credit card,510
2025,ID,Bank account,188
2026,MA,Credit reporting,57291
2026,AZ,Credit reporting,71995
2026,RI,Credit reporting,10908
2026,NJ,Credit reporting,137369
2026,NC,Credit reporting,170272
2026,UT,Credit reporting,11043
2026,WI,Credit reporting,38495
2026,MD,Credit reporting,104428
2026,MS,Credit reporting,134868
2026,PA,Bank account,2257
2026,KY,Credit reporting,17027
2026,GA,Student loan,932
2026,NH,Credit reporting,3118
2026,IL,Credit card,2565
2026,ME,Debt collection,141
2026,PA,Credit card,2258
2026,MO,Bank account,715
2017,IL,Credit reporting,4234
2017,MO,Credit card,259
2017,KY,Debt collection,433
2017,GA,Mortgage,1433
2017,MA,Debt collection,493
2017,AL,Mortgage,288
2017,VA,Mortgage,1012
2017,FL,Student loan,1082
2017,SC,Payday/personal loan,116
2017,OH,Credit card,736
2017,PA,Debt collection,1277
2017,NC,Credit reporting,3675
2017,TX,Student loan,1127
2017,AZ,Money transfer/crypto,85
2017,OR,Bank account,198
2017,OH,Bank account,648
2017,NY,Money transfer/crypto,287
2017,MA,Vehicle loan or lease,106
2017,CA,Money transfer/crypto,569
2017,WA,Debt collection,774
2017,OR,Credit card,277
2017,KS,Student loan,134
2017,NH,Credit reporting,168
2017,MT,Mortgage,39
2017,MS,Credit reporting,628
2017,HI,Credit card,87
2017,NE,Student loan,82
2017,MN,Credit card,273
2017,MD,Payday/personal loan,119
2017,NV,Payday/personal loan,78
2017,NM,Credit reporting,378
2017,MN,Bank account,223
2017,IN,Student loan,356
2017,TN,Payday/personal loan,169
2017,MO,Bank account,193
2017,PA,Vehicle loan or lease,181
2012,MO,Mortgage,519
2012,NH,Bank account,77
2013,FL,Credit card,1128
2013,MN,Mortgage,623
2013,CA,Credit reporting,2098
2012,AZ,Bank account,252
2013,IL,Mortgage,1611
2014,IN,Mortgage,425
2013,NC,Mortgage,1504
2014,TX,Credit card,928
2015,PA,Bank account,729
2014,NC,Mortgage,1363
2014,WA,Mortgage,1139
2016,KY,Debt collection,339
2013,PA,Mortgage,1505
2012,NH,Credit card,83
2012,AZ,Credit card,319
2014,MI,Mortgage,1225
2012,ME,Bank account,66
2015,GA,Credit reporting,1711
2015,PA,Credit card,739
2013,MD,Credit card,436
2012,GA,Vehicle loan or lease,52
2014,OH,Debt collection,1363
2012,IA,Mortgage,99
2013,FL,Bank account,1254
2012,MA,Student loan,97
2013,OH,Mortgage,1355
2013,NH,Mortgage,372
2012,UT,Credit card,83
2015,AZ,Bank account,388
2013,MI,Mortgage,1774
2012,MT,Credit card,24
2012,NV,Credit card,145
2012,ID,Credit card,70
2013,NY,Debt collection,749
2016,TX,Credit card,1395
2016,CA,Money transfer/crypto,222
2013,CT,Credit reporting,126
2013,WA,Bank account,231
2014,SC,Mortgage,461
2015,IN,Debt collection,497
2016,IL,Debt collection,1375
2017,VI,Bank account,5
2016,PA,Mortgage,1528
2016,OR,Credit card,290
2015,NY,Money transfer/crypto,125
2016,GA,Credit reporting,2875
2017,SC,Prepaid card,8
2017,HI,Bank account,32
2016,SC,Bank account,242
2016,WA,Credit card,452
2016,NM,Debt collection,219
2015,IL,Payday/personal loan,143
2016,OH,Payday/personal loan,204
2016,NV,Payday/personal loan,80
2012,MD,Credit reporting,48
2016,NY,Bank account,1912
2016,NC,Debt collection,1075
2015,FL,Other financial service,18
2016,DE,Mortgage,184
2015,TX,Student loan,230
2016,WI,Payday/personal loan,80
2016,NJ,Mortgage,2150
2017,AR,Other financial service,1
2015,NE,Debt collection,188
2015,ID,Debt collection,202
2015,OH,Credit card,552
2015,MD,Payday/personal loan,117
2017,MD,Prepaid card,10
2016,NY,Credit card,1989
2015,MO,Debt collection,598
2016,FL,Credit card,1799
2013,MT,Payday/personal loan,1
2014,OR,Debt collection,519
2016,MS,Credit reporting,258
2014,TX,Other financial service,11
2017,OH,Other financial service,6
2014,WY,Mortgage,39
2014,WV,Debt collection,120
2015,MS,Other financial service,3
2016,CT,Bank account,285
2016,NE,Debt collection,143
2016,NY,Other financial service,33
2015,MT,Payday/personal loan,9
2016,IN,Mortgage,369
2015,AK,Debt collection,45
2015,PA,Other financial service,8
2016,CO,Student loan,152
2017,IA,Prepaid card,3
2012,SC,Mortgage,358
2015,AZ,Credit card,420
2016,IL,Vehicle loan or lease,192
2016,TX,Other financial service,25
2016,MN,Mortgage,451
2012,NY,Vehicle loan or lease,101
2017,ND,Student loan,12
2012,VT,Mortgage,72
2016,OR,Bank account,267
2012,HI,Credit card,56
2011,AR,Credit card,5
2013,AR,Vehicle loan or lease,20
2013,NJ,Vehicle loan or lease,108
2012,OR,Credit card,148
2012,DC,Bank account,91
2013,NJ,Debt collection,374
2013,MS,Debt collection,51
2013,AR,Debt collection,67
2013,DC,Credit reporting,123
2013,CO,Debt collection,194
2012,CA,Credit reporting,242
2015,FL,Bank account,1595
2014,ID,Student loan,11
2014,NY,Student loan,353
2016,FL,Bank account,1895
2014,TX,Bank account,872
2016,CT,Credit card,274
2016,TN,Student loan,135
2012,OH,Student loan,134
2015,CT,Mortgage,441
2015,SC,Mortgage,500
2016,AR,Bank account,65
2016,NH,Student loan,42
2012,NV,Bank account,133
2015,VA,Money transfer/crypto,69
2016,TX,Bank account,1397
2013,WA,Credit card,265
2014,VA,Credit card,482
2015,FL,Credit card,1412
2014,NM,Credit card,66
2015,AL,Credit card,157
2016,WA,Bank account,438
2015,IN,Vehicle loan or lease,54
2015,OK,Mortgage,240
2015,KS,Payday/personal loan,46
2014,TN,Mortgage,504
2015,UT,Student loan,20
2015,DC,Credit card,140
2015,DE,Bank account,106
2015,WI,Bank account,144
2012,ID,Bank account,35
2015,NC,Student loan,108
2014,MN,Mortgage,550
2014,MS,Bank account,63
2013,OK,Money transfer/crypto,2
2015,OH,Bank account,507
2016,NE,Vehicle loan or lease,25
2014,OK,Credit card,86
2016,NC,Vehicle loan or lease,211
2013,MD,Bank account,423
2016,SC,Credit card,218
2012,TX,Student loan,117
2015,DC,Bank account,137
2014,NV,Payday/personal loan,44
2012,UT,Bank account,31
2015,NV,Credit card,199
2014,DE,Mortgage,218
2013,LA,Credit card,90
2014,CT,Prepaid card,2
2013,NY,Vehicle loan or lease,139
2015,WI,Credit card,255
2015,MI,Credit card,397
2014,WI,Payday/personal loan,58
2011,CO,Credit card,27
2013,TX,Money transfer/crypto,36
2015,WV,Mortgage,75
2015,AL,Bank account,155
2014,AR,Payday/personal loan,25
2014,MA,Money transfer/crypto,39
2016,AZ,Money transfer/crypto,27
2014,PA,Credit reporting,1003
2016,IA,Credit reporting,293
2014,MD,Credit reporting,745
2014,ND,Credit reporting,44
2014,KS,Credit reporting,131
2013,RI,Credit reporting,34
2012,KY,Credit reporting,30
2014,NE,Credit reporting,60
2014,HI,Credit reporting,120
2014,FL,Student loan,243
2013,AL,Credit reporting,161
2012,SD,Credit reporting,5
2016,ME,Credit reporting,68
2014,IL,Money transfer/crypto,37
2015,MI,Bank account,357
2014,NH,Mortgage,250
2013,MO,Student loan,46
2012,AK,Student loan,5
2012,CT,Student loan,54
2014,GA,Student loan,151
2015,WA,Student loan,91
2014,RI,Mortgage,120
2014,MO,Bank account,143
2015,NM,Mortgage,179
2013,AZ,Student loan,47
2011,VA,Credit card,44
2014,OH,Vehicle loan or lease,138
2016,KS,Payday/personal loan,48
2016,KS,Prepaid card,8
2013,IN,Student loan,56
2014,MS,Credit card,60
2012,OR,Bank account,131
2016,MI,Money transfer/crypto,42
2015,DE,Credit card,119
2014,CT,Payday/personal loan,32
2013,TN,Debt collection,196
2013,NE,Bank account,45
2014,MO,Credit card,158
2015,NV,Bank account,222
2015,NJ,Student loan,176
2015,ME,Credit reporting,96
2015,MO,Vehicle loan or lease,73
2013,NM,Debt collection,69
2012,VA,Vehicle loan or lease,37
2014,AL,Money transfer/crypto,7
2015,IA,Credit reporting,160
2013,NE,Credit card,54
2016,ND,Debt collection,52
2013,FM,Mortgage,4
2016,AK,Student loan,9
2012,MN,Vehicle loan or lease,20
2014,VT,Debt collection,54
2015,IL,Prepaid card,77
2016,FL,Other financial service,34
2012,ME,Credit card,80
2012,MT,Bank account,21
2013,KS,Money transfer/crypto,2
2013,AK,Mortgage,48
2016,PR,Credit reporting,149
2014,WV,Vehicle loan or lease,13
2014,NV,Prepaid card,6
2015,MS,Credit card,51
2012,DE,Mortgage,167
2011,ME,Credit card,12
2012,DC,Credit card,89
2014,OK,Bank account,63
2014,IA,Student loan,34
2015,MD,Prepaid card,49
2015,MS,Bank account,105
2018,FL,Credit card,2049
2018,NY,Credit card,2158
2018,NY,Bank account,1920
2018,MN,Credit reporting,719
2018,IN,Money transfer/crypto,45
2018,IL,Credit card,883
2018,TX,Bank account,1431
2018,CA,Debt collection,5622
2018,NV,Debt collection,684
2018,NC,Credit card,631
2018,PA,Payday/personal loan,130
2018,MT,Credit reporting,115
2018,FL,Bank account,2027
2018,VA,Credit card,674
2018,KS,Credit reporting,411
2018,CA,Vehicle loan or lease,693
2018,NJ,Debt collection,1643
2018,CT,Credit reporting,709
2018,TX,Credit card,1699
2018,OH,Debt collection,1596
2018,LA,Mortgage,298
2018,NJ,Vehicle loan or lease,240
2018,MA,Credit card,550
2018,WI,Money transfer/crypto,47
2018,SC,Mortgage,336
2018,OK,Student loan,67
2018,IL,Bank account,891
2018,UT,Credit reporting,918
2018,OH,Vehicle loan or lease,203
2018,MO,Student loan,137
2018,ME,Credit reporting,122
2018,ID,Debt collection,123
2018,KY,Mortgage,116
2018,MA,Bank account,400
2018,DC,Debt collection,210
2018,AR,Debt collection,358
2018,VA,Bank account,540
2018,NC,Bank account,503
2018,TN,Mortgage,388
2018,WA,Student loan,228
2018,NH,Bank account,52
2018,DC,Vehicle loan or lease,28
2018,PR,Money transfer/crypto,2
2018,NE,Debt collection,110
2018,MI,Money transfer/crypto,104
2018,AR,Vehicle loan or lease,35
2018,RI,Credit reporting,216
2018,NH,Credit card,83
2018,DE,Payday/personal loan,29
2020,PA,Credit reporting,14268
2020,TX,Credit reporting,34127
2020,ME,Mortgage,68
2020,MS,Credit card,165
2020,OH,Money transfer/crypto,316
2020,AZ,Debt collection,980
2020,CA,Student loan,486
2020,MN,Bank account,231
2020,AR,Credit reporting,6579
2020,AL,Money transfer/crypto,72
2020,NC,Bank account,610
2020,MD,Debt collection,1110
2020,NY,Mortgage,1239
2020,NC,Credit card,761
2020,CO,Student loan,77
2020,NJ,Student loan,139
2020,LA,Student loan,44
2020,AZ,Vehicle loan or lease,178
2020,VA,Payday/personal loan,141
2020,CT,Mortgage,383
2020,GA,Payday/personal loan,187
2020,NV,Money transfer/crypto,87
2020,IN,Money transfer/crypto,128
2020,WI,Payday/personal loan,52
2020,DE,Mortgage,118
2020,IL,Student loan,151
2020,ID,Vehicle loan or lease,20
2020,MD,Vehicle loan or lease,174
2020,MN,Credit card,400
2020,IA,Vehicle loan or lease,21
2020,WV,Credit reporting,203
2020,MS,Bank account,118
2020,OK,Money transfer/crypto,35
2020,OR,Debt collection,307
2020,MO,Debt collection,862
2020,SC,Student loan,67
2022,MI,Credit reporting,14760
2022,MS,Credit reporting,7362
2022,IL,Bank account,1570
2022,NY,Debt collection,2770
2022,NC,Mortgage,751
2022,TN,Debt collection,1236
2022,CA,Money transfer/crypto,1976
2022,CO,Credit reporting,3628
2022,IL,Credit card,1578
2022,PA,Credit card,1646
2022,ME,Credit reporting,437
2022,MD,Mortgage,913
2022,KS,Credit card,191
2022,AL,Bank account,397
2022,FL,Money transfer/crypto,1114
2022,PA,Bank account,1673
2022,MN,Money transfer/crypto,159
2022,OH,Mortgage,602
2022,LA,Debt collection,918
2022,DE,Credit reporting,3735
2022,MA,Credit card,839
2022,AL,Credit card,440
2022,NJ,Payday/personal loan,167
2022,MA,Bank account,732
2022,NV,Bank account,538
2022,WA,Mortgage,475
2022,OR,Credit reporting,1567
2022,NY,Vehicle loan or lease,455
2022,NH,Credit reporting,421
2022,MO,Student loan,122
2022,AZ,Mortgage,455
2022,KS,Bank account,174
2022,UT,Credit card,301
2022,UT,Bank account,191
2022,WV,Debt collection,104
2023,WI,Vehicle loan or lease,109
2023,MT,Credit reporting,490
2023,OH,Money transfer/crypto,346
2023,IN,Credit card,826
2023,NE,Vehicle loan or lease,32
2023,ID,Money transfer/crypto,51
2023,TN,Money transfer/crypto,167
2023,ME,Vehicle loan or lease,26
2023,DC,Mortgage,133
2023,RI,Student loan,27
2023,AR,Mortgage,108
2023,AZ,Payday/personal loan,178
2023,OK,Payday/personal loan,75
2023,UT,Money transfer/crypto,86
2023,CO,Vehicle loan or lease,145
2023,PR,Debt collection,131
2023,SD,Money transfer/crypto,16
2023,ME,Debt collection,99
2023,HI,Debt collection,157
2023,CT,Student loan,127
2023,WV,Money transfer/crypto,37
2023,PR,Vehicle loan or lease,22
2023,DE,Payday/personal loan,41
2023,KS,Student loan,74
2023,NH,Vehicle loan or lease,22
2023,GU,Credit card,5
2023,GU,Bank account,6
2023,NV,Prepaid card,43
2023,DE,Debt or credit management,3
2023,NV,Debt or credit management,9
2023,AZ,Prepaid card,63
2023,OK,Prepaid card,16
2023,AZ,Debt or credit management,16
2023,ND,Student loan,11
2023,HI,Vehicle loan or lease,25
2023,AS,Debt collection,1
2023,OK,Debt or credit management,5
2023,MP,Payday/personal loan,1
2023,AP,Vehicle loan or lease,2
2024,OH,Credit card,1735
2024,NC,Payday/personal loan,300
2024,RI,Prepaid card,25
2024,IL,Mortgage,811
2024,NV,Debt collection,2090
2024,FL,Payday/personal loan,849
2024,VA,Vehicle loan or lease,341
2024,IA,Bank account,232
2024,NM,Bank account,211
2024,MT,Credit reporting,564
2024,ID,Money transfer/crypto,67
2024,IN,Mortgage,293
2024,MA,Vehicle loan or lease,188
2024,AK,Credit card,83
2024,AZ,Prepaid card,120
2024,DC,Mortgage,144
2024,NH,Credit card,167
2024,FL,Prepaid card,333
2024,AK,Bank account,77
2024,SD,Credit card,74
2024,NV,Vehicle loan or lease,186
2024,OK,Bank account,306
2024,OR,Debt collection,598
2024,DE,Mortgage,135
2024,AL,Debt or credit management,52
2024,TN,Prepaid card,104
2024,WI,Money transfer/crypto,159
2024,KY,Payday/personal loan,89
2024,KY,Prepaid card,66
2024,ME,Student loan,64
2024,SC,Student loan,213
2024,AL,Payday/personal loan,198
2024,SD,Bank account,61
2024,VT,Credit card,95
2024,AZ,Debt or credit management,69
2024,OR,Vehicle loan or lease,67
2024,FL,Debt or credit management,241
2024,WY,Credit reporting,530
2024,NE,Vehicle loan or lease,31
2024,ND,Credit card,81
2024,HI,Payday/personal loan,19
2024,HI,Prepaid card,17
2024,AL,Prepaid card,65
2024,NC,Debt or credit management,100
2024,WV,Payday/personal loan,21
2024,WV,Debt or credit management,5
2024,TN,Debt or credit management,57
2024,RI,Payday/personal loan,18
2024,GU,Debt collection,2
2024,KY,Debt or credit management,27
2024,ND,Bank account,59
2024,HI,Debt or credit management,5
2024,AA,Debt collection,5
2025,MA,Student loan,494
2025,AP,Credit reporting,227
2025,TX,Student loan,1798
2025,AE,Bank account,43
2025,IA,Debt collection,609
2025,MI,Vehicle loan or lease,603
2025,NV,Payday/personal loan,176
2025,NE,Bank account,201
2025,LA,Student loan,329
2025,AK,Credit card,94
2025,NE,Credit card,229
2025,WV,Mortgage,73
2025,TN,Payday/personal loan,357
2025,KS,Student loan,136
2025,NV,Debt or credit management,60
2025,SC,Mortgage,493
2025,ID,Credit card,242
2025,NV,Prepaid card,106
2025,DC,Mortgage,108
2025,RI,Debt collection,593
2025,IA,Vehicle loan or lease,79
2025,MT,Bank account,108
2025,UNITED STATES MINOR OUTLYING ISLANDS,Bank account,3
2025,AK,Bank account,97
2025,MT,Credit card,112
2025,RI,Vehicle loan or lease,40
2025,AE,Credit card,42
2025,AA,Credit reporting,52
2025,ME,Mortgage,77
2025,SD,Student loan,30
2026,LA,Debt collection,6005
2026,MO,Credit card,682
2026,IL,Bank account,2416
2026,CA,Money transfer/crypto,3406
2026,SC,Money transfer/crypto,441
2026,VA,Mortgage,760
2026,WV,Money transfer/crypto,90
2026,CO,Money transfer/crypto,426
2026,WA,Payday/personal loan,257
2026,MN,Money transfer/crypto,292
2026,DC,Mortgage,81
2026,LA,Vehicle loan or lease,307
2026,OH,Student loan,461
2026,IN,Money transfer/crypto,358
2026,PR,Student loan,31
2026,AL,Money transfer/crypto,460
2026,NV,Mortgage,243
2026,NE,Credit card,178
2026,ID,Student loan,61
2026,TN,Student loan,267
2026,IA,Payday/personal loan,54
2026,NE,Bank account,185
2026,AR,Mortgage,163
2026,KS,Payday/personal loan,97
2026,CT,Payday/personal loan,90
2026,AK,Credit card,75
2026,DE,Credit card,301
2026,IA,Prepaid card,27
2026,OK,Money transfer/crypto,259
2026,NM,Mortgage,107
2026,ME,Vehicle loan or lease,20
2026,MT,Mortgage,42
2026,DE,Bank account,268
2026,WA,Prepaid card,83
2026,WY,Bank account,181
2026,KS,Prepaid card,23
2026,CT,Debt or credit management,34
2026,ND,Money transfer/crypto,27
2026,HI,Prepaid card,10
2026,AK,Bank account,73
2026,WY,Credit card,66
2026,CT,Prepaid card,39
2026,WA,Debt or credit management,27
2026,IA,Debt or credit management,11
2026,HI,Payday/personal loan,37
2017,VT,Debt collection,35
2017,LA,Payday/personal loan,84
2017,AR,Bank account,74
2017,IA,Payday/personal loan,25
2017,DC,Student loan,151
2017,KY,Vehicle loan or lease,60
2017,AR,Credit card,116
2017,UT,Money transfer/crypto,26
2017,WA,Vehicle loan or lease,70
2017,AE,Mortgage,12
2014,VA,Bank account,435
2015,NH,Debt collection,139
2017,MO,Other financial service,2
2016,MO,Student loan,136
2013,PR,Mortgage,32
2013,DE,Vehicle loan or lease,19
2013,VT,Student loan,11
2016,UT,Credit reporting,197
2014,AK,Mortgage,31
2012,VI,Mortgage,5
2014,VT,Vehicle loan or lease,8
2014,SD,Payday/personal loan,7
2013,LA,Bank account,107
2015,AL,Other financial service,6
2012,IN,Student loan,47
2013,CO,Vehicle loan or lease,41
2013,KY,Credit reporting,107
2016,KY,Vehicle loan or lease,44
2016,VT,Credit reporting,39
2016,WY,Credit reporting,31
2012,IL,Credit reporting,48
2015,CO,Student loan,66
2017,NV,Prepaid card,7
2015,AR,Payday/personal loan,21
2013,IA,Debt collection,50
2014,AP,Debt collection,17
2016,AR,Other financial service,5
2017,MN,Other financial service,2
2016,DC,Money transfer/crypto,14
2017,SD,Money transfer/crypto,5
2017,VT,Vehicle loan or lease,6
2017,PR,Money transfer/crypto,8
2017,AK,Money transfer/crypto,7
2018,AL,Payday/personal loan,87
2018,CO,Money transfer/crypto,97
2018,VT,Debt collection,21
2018,NV,Vehicle loan or lease,98
2018,HI,Student loan,19
2018,MS,Payday/personal loan,46
2018,ID,Vehicle loan or lease,13
2018,NM,Payday/personal loan,15
2018,WV,Student loan,35
2018,ND,Money transfer/crypto,6
2020,MA,Money transfer/crypto,169
2020,KY,Payday/personal loan,50
2020,WY,Money transfer/crypto,6
2020,MO,Vehicle loan or lease,84
2020,RI,Credit reporting,347
2020,ND,Credit reporting,115
2020,WA,Student loan,107
2020,AE,Student loan,4
2020,HI,Mortgage,76
2020,ID,Debt collection,102
2020,UT,Student loan,25
2020,IA,Debt collection,173
2020,OR,Vehicle loan or lease,42
2020,VT,Debt collection,25
2020,AP,Credit reporting,12
2020,NH,Money transfer/crypto,20
2020,KS,Money transfer/crypto,21
2020,PR,Money transfer/crypto,8
2020,SD,Student loan,8
2020,NE,Student loan,10
2020,VT,Vehicle loan or lease,6
2020,AK,Student loan,7
2022,AE,Mortgage,4
2022,TX,Payday/personal loan,599
2022,GA,Money transfer/crypto,513
2022,NV,Credit card,524
2022,IA,Debt collection,275
2022,CT,Money transfer/crypto,131
2022,SD,Money transfer/crypto,19
2022,IA,Vehicle loan or lease,30
2022,WY,Credit reporting,171
2022,TN,Vehicle loan or lease,179
2022,PR,Money transfer/crypto,24
2022,VA,Student loan,314
2022,AK,Money transfer/crypto,17
2022,AP,Debt collection,7
2022,KY,Student loan,67
2022,WV,Vehicle loan or lease,26
2022,LA,Vehicle loan or lease,128
2022,UNITED STATES MINOR OUTLYING ISLANDS,Credit reporting,32
2022,VI,Credit reporting,129
2022,HI,Payday/personal loan,12
2022,OK,Student loan,49
2022,AR,Student loan,47
2022,DC,Payday/personal loan,20
2022,ND,Student loan,5
2015,VI,Money transfer/crypto,1
2013,DE,Debt collection,46
2016,HI,Money transfer/crypto,8
2012,WA,Vehicle loan or lease,23
2015,MT,Prepaid card,4
2011,NV,Mortgage,8
2013,TN,Vehicle loan or lease,41
2016,OH,Prepaid card,64
2014,NM,Bank account,60
2015,NV,Other financial service,2
2017,LA,Prepaid card,6
2014,OR,Vehicle loan or lease,20
2016,MH,Credit card,1
2013,ID,Payday/personal loan,3
2013,MA,Money transfer/crypto,17
2016,RI,Money transfer/crypto,3
2015,NE,Vehicle loan or lease,14
2014,AZ,Money transfer/crypto,26
2013,WI,Student loan,40
2016,SD,Mortgage,33
2011,AK,Mortgage,2
2011,MS,Mortgage,5
2013,SC,Money transfer/crypto,5
2016,AE,Mortgage,21
2014,UT,Money transfer/crypto,4
2012,KS,Vehicle loan or lease,11
2016,MT,Credit reporting,43
2014,AE,Debt collection,10
2012,OK,Student loan,18
2018,NE,Vehicle loan or lease,15
2021,MA,Debt collection,1922
2021,PA,Credit reporting,21715
2021,OH,Credit reporting,7580
2021,MA,Vehicle loan or lease,283
2021,FL,Mortgage,2416
2021,IL,Debt collection,2265
2021,HI,Credit reporting,341
2021,NM,Vehicle loan or lease,17
2021,NY,Vehicle loan or lease,495
2021,DE,Credit card,171
2021,TX,Money transfer/crypto,827
2021,WA,Credit reporting,2349
2021,NC,Vehicle loan or lease,257
2021,VA,Mortgage,945
2021,OK,Debt collection,493
2021,MD,Mortgage,1007
2021,MI,Credit reporting,6066
2021,AZ,Mortgage,608
2021,NC,Debt collection,2157
2021,NH,Money transfer/crypto,40
2021,KS,Credit reporting,727
2021,MN,Credit reporting,1702
2021,UT,Student loan,15
2021,DE,Bank account,173
2021,ID,Debt collection,141
2021,IL,Vehicle loan or lease,281
2021,LA,Payday/personal loan,78
2021,MS,Credit card,157
2021,AK,Credit reporting,207
2021,DC,Payday/personal loan,30
2021,ME,Mortgage,77
2021,WV,Credit card,78
2021,CO,Payday/personal loan,72
2021,WI,Money transfer/crypto,112
2021,WV,Bank account,107
2021,NJ,Mortgage,1183
2021,MS,Bank account,132
2021,MO,Payday/personal loan,73
2021,CT,Credit card,399
2019,MD,Credit reporting,2349
2023,DE,Prepaid card,6
2023,AP,Debt collection,10
2024,AS,Credit card,11
2024,WV,Prepaid card,31
2024,RI,Debt or credit management,10
2024,MP,Credit card,1
2024,UNITED STATES MINOR OUTLYING ISLANDS,Mortgage,5
2025,WY,Student loan,19
2026,VI,Credit card,11
2026,AP,Money transfer/crypto,7
2026,AE,Money transfer/crypto,8
2026,KS,Debt or credit management,14
2026,VI,Bank account,12
2012,AE,Student loan,4
2016,ID,Payday/personal loan,22
2016,AR,Credit card,65
2013,AP,Debt collection,4
2015,MI,Other financial service,6
2016,WI,Prepaid card,18
2012,HI,Bank account,35
2015,HI,Payday/personal loan,7
2014,GU,Bank account,3
2012,WY,Student loan,6
2014,DC,Money transfer/crypto,10
2014,VA,Other financial service,2
2016,AL,Money transfer/crypto,14
2015,NH,Vehicle loan or lease,21
2014,MT,Student loan,12
2013,MH,Mortgage,3
2012,RI,Student loan,11
2012,CO,Payday/personal loan,9
2015,AR,Prepaid card,10
2016,WA,Other financial service,7
2014,ME,Payday/personal loan,14
2015,OH,Other financial service,13
2011,WV,Credit card,2
2013,UT,Student loan,12
2016,SC,Other financial service,2
2014,LA,Money transfer/crypto,13
2013,HI,Debt collection,41
2016,MP,Student loan,3
2015,ND,Credit reporting,42
2016,VI,Credit card,5
2016,WV,Student loan,34
2013,AP,Vehicle loan or lease,2
2016,NM,Vehicle loan or lease,19
2014,MH,Credit reporting,3
2015,WI,Other financial service,7
2016,NV,Prepaid card,15
2011,LA,Credit card,7
2014,AP,Vehicle loan or lease,1
2016,ND,Vehicle loan or lease,5
2018,SD,Money transfer/crypto,1
2018,GU,Vehicle loan or lease,1
2018,GU,Debt collection,3
2018,VI,Mortgage,5
2018,OR,Payday/personal loan,44
2018,VT,Vehicle loan or lease,14
2018,UNITED STATES MINOR OUTLYING ISLANDS,Credit reporting,6
2018,AP,Money transfer/crypto,4
2018,FM,Credit reporting,27
2018,WY,Payday/personal loan,3
2021,CA,Money transfer/crypto,1833
2021,GA,Debt collection,5966
2021,NY,Debt collection,3760
2021,GA,Vehicle loan or lease,408
2021,CT,Bank account,443
2021,UNITED STATES MINOR OUTLYING ISLANDS,Bank account,12
2021,OR,Student loan,65
2021,NE,Mortgage,87
2021,NM,Debt collection,201
2021,IN,Student loan,54
2021,SD,Credit reporting,80
2021,PR,Mortgage,79
2021,ID,Vehicle loan or lease,16
2021,WY,Credit reporting,72
2021,OK,Vehicle loan or lease,51
2022,MT,Student loan,23
2013,ME,Student loan,18
2013,NV,Student loan,17
2014,OK,Other financial service,1
2012,NE,Payday/personal loan,3
2014,AA,Bank account,1
2015,KS,Prepaid card,9
2013,MS,Vehicle loan or lease,12
2015,WY,Payday/personal loan,3
2019,GA,Credit card,971
2019,WA,Debt collection,729
2019,VA,Credit card,753
2019,OH,Credit reporting,3568
2019,TX,Mortgage,1495
2019,FL,Money transfer/crypto,402
2019,UT,Debt collection,339
2019,DE,Credit reporting,462
2019,MO,Payday/personal loan,89
2019,WV,Credit reporting,184
2019,VA,Bank account,564
2019,AZ,Credit reporting,1832
2019,NJ,Debt collection,1311
2019,CO,Payday/personal loan,65
2019,MI,Money transfer/crypto,113
2019,SC,Bank account,252
2019,NJ,Vehicle loan or lease,222
2019,NY,Payday/personal loan,134
2019,IN,Payday/personal loan,63
2019,SC,Credit card,248
2019,MA,Debt collection,570
2019,IL,Payday/personal loan,167
2019,NM,Credit reporting,364
2019,OK,Mortgage,145
2019,WI,Student loan,107
2019,ID,Credit card,58
2019,NV,Mortgage,288
2019,DC,Mortgage,142
2019,MS,Bank account,90
2019,KY,Debt collection,345
2019,GA,Bank account,889
2019,PR,Mortgage,75
2019,AL,Money transfer/crypto,49
2019,WA,Vehicle loan or lease,90
2019,MS,Credit card,112
2019,MT,Credit card,33
2019,CT,Debt collection,333
2019,KY,Vehicle loan or lease,32
2019,NC,Money transfer/crypto,121
2019,ME,Bank account,39
2019,LA,Payday/personal loan,81
2023,UNITED STATES MINOR OUTLYING ISLANDS,Debt collection,3
2023,UNITED STATES MINOR OUTLYING ISLANDS,Vehicle loan or lease,2
2024,GU,Vehicle loan or lease,4
2025,UNITED STATES MINOR OUTLYING ISLANDS,Credit card,1
2026,HI,Debt or credit management,6
2014,ME,Prepaid card,1
2013,WY,Payday/personal loan,1
2013,IA,Vehicle loan or lease,13
2015,AZ,Other financial service,6
2014,KY,Money transfer/crypto,3
2011,KY,Mortgage,5
2014,GU,Credit card,1
2016,ID,Prepaid card,2
2016,VI,Bank account,6
2013,AE,Credit reporting,10
2016,OR,Other financial service,9
2016,AP,Money transfer/crypto,1
2015,DC,Other financial service,5
2015,GU,Mortgage,3
2013,NM,Vehicle loan or lease,8
2015,HI,Prepaid card,3
2019,ME,Credit card,68
2019,CT,Vehicle loan or lease,66
2019,AR,Money transfer/crypto,22
2019,IA,Student loan,37
2019,OR,Money transfer/crypto,84
2019,UT,Vehicle loan or lease,20
2019,MA,Vehicle loan or lease,100
2019,TN,Student loan,96
2019,ND,Mortgage,15
2019,MN,Payday/personal loan,39
2019,AP,Mortgage,5
2019,HI,Money transfer/crypto,6
2019,ID,Bank account,40
2019,MT,Bank account,29
2019,NE,Student loan,29
2020,UNITED STATES MINOR OUTLYING ISLANDS,Mortgage,1
2020,GU,Student loan,1
2024,AE,Vehicle loan or lease,3
2017,AS,Student loan,1
2015,AK,Vehicle loan or lease,4
2016,CT,Other financial service,4
2015,ID,Vehicle loan or lease,4
2015,PW,Credit reporting,1
2021,UNITED STATES MINOR OUTLYING ISLANDS,Credit card,12
2021,IA,Student loan,26
2021,ND,Debt collection,42
2021,ND,Vehicle loan or lease,10
2015,AE,Student loan,4
2015,FM,Mortgage,2
2016,GU,Mortgage,1
2015,VT,Money transfer/crypto,4
2015,DE,Other financial service,1
2015,PR,Money transfer/crypto,2
2017,TN,Prepaid card,5
2017,VI,Credit card,1
2017,GU,Payday/personal loan,1
2021,AL,Student loan,47
2021,KY,Payday/personal loan,30
2021,AR,Student loan,17
2021,RI,Money transfer/crypto,31
2021,VI,Student loan,1
2021,VT,Student loan,6
2021,AE,Student loan,6
2022,AS,Credit reporting,5
2022,GU,Money transfer/crypto,1
2023,VI,Student loan,1
2024,AP,Money transfer/crypto,3
2014,PR,Student loan,3
2014,AE,Vehicle loan or lease,1
2013,MP,Credit reporting,1
2013,ND,Payday/personal loan,1
2013,HI,Vehicle loan or lease,5
2016,MH,Bank account,2
2017,OR,Other financial service,2
2012,PR,Vehicle loan or lease,2
2021,AP,Student loan,3
2012,AR,Vehicle loan or lease,1
2014,AR,Prepaid card,1
2014,MS,Other financial service,1
2014,NM,Other financial service,1
2016,AS,Mortgage,1
2018,MP,Debt collection,1
2019,VT,Credit reporting,40
2014,WI,Prepaid card,4
2013,WV,Payday/personal loan,2
2012,ND,Payday/personal loan,1
2024,MP,Bank account,2
2025,VI,Mortgage,2
2014,FM,Money transfer/crypto,1
2014,MO,Other financial service,1
2019,UNITED STATES MINOR OUTLYING ISLANDS,Credit card,2
2019,RI,Student loan,20
2019,GU,Credit reporting,7
2019,WY,Payday/personal loan,2
2019,AK,Payday/personal loan,3
2022,MP,Mortgage,1
2019,UNITED STATES MINOR OUTLYING ISLANDS,Bank account,4
2019,AE,Payday/personal loan,1
2023,GA,Credit reporting,85022
2023,FL,Credit reporting,145642
2023,OH,Credit reporting,21646
2023,WA,Payday/personal loan,91
2023,TN,Credit reporting,16459
2023,NJ,Credit card,2235
2023,VT,Credit card,81
2023,MA,Bank account,956
2023,OK,Debt collection,556
2023,UT,Credit reporting,2287
2023,ID,Credit reporting,1017
2023,OR,Money transfer/crypto,208
2023,LA,Bank account,459
2023,CA,Payday/personal loan,720
2023,LA,Credit card,642
2023,NV,Debt collection,1033
2023,NC,Bank account,1460
2023,MD,Money transfer/crypto,317
2023,NY,Mortgage,1207
2023,AZ,Debt collection,1368
2023,NC,Credit card,1593
2023,NJ,Bank account,1769
2023,MA,Credit card,1093
2023,VA,Money transfer/crypto,386
2023,MO,Money transfer/crypto,143
2023,KY,Bank account,271
2023,NV,Vehicle loan or lease,206
2024,WI,Credit reporting,14032
2024,PA,Bank account,1978
2024,CT,Credit reporting,18619
2024,NC,Debt collection,4705
2024,MN,Credit reporting,10612
2024,FL,Debt collection,18090
2024,AZ,Debt collection,3372
2024,RI,Vehicle loan or lease,30
2024,GA,Student loan,685
2024,KY,Debt collection,867
2024,TN,Debt collection,2851
2024,PA,Credit card,3258
2024,PR,Credit card,189
2024,NY,Mortgage,1157
2024,WY,Money transfer/crypto,30
2024,FL,Vehicle loan or lease,1472
2024,UT,Credit reporting,4895
2024,SC,Mortgage,376
2024,TN,Vehicle loan or lease,283
2024,NC,Vehicle loan or lease,434
2024,WV,Debt collection,385
2024,AR,Credit card,347
2024,AP,Credit reporting,147
2024,IL,Student loan,649
2025,AL,Bank account,1187
2025,NC,Money transfer/crypto,3146
2025,MD,Money transfer/crypto,1737
2025,CA,Bank account,10781
2025,GA,Money transfer/crypto,5433
2025,TX,Mortgage,2384
2025,VA,Bank account,2502
2025,MO,Money transfer/crypto,1217
2025,NY,Bank account,6347
2025,WA,Money transfer/crypto,968
2025,MS,Bank account,655
2025,AZ,Credit reporting,73086
2025,TN,Vehicle loan or lease,402
2025,OK,Credit reporting,18202
2025,DE,Money transfer/crypto,312
2025,CA,Credit card,11877
2025,IN,Bank account,948
2025,NV,Vehicle loan or lease,310
2025,NY,Credit card,6536
2025,VA,Credit card,3722
2025,FL,Debt or credit management,452
2025,CO,Bank account,1136
2025,TN,Debt collection,5365
2025,AP,Money transfer/crypto,18
2025,OR,Money transfer/crypto,480
2025,UT,Money transfer/crypto,272
2025,CT,Bank account,849
2025,HI,Credit reporting,6775
2025,NM,Money transfer/crypto,244
2025,FL,Prepaid card,382
2025,MN,Bank account,784
2025,SC,Student loan,380
2025,AR,Bank account,550
2025,CO,Credit card,1223
2025,WI,Bank account,632
2026,CA,Credit reporting,429741
2026,CO,Credit reporting,24773
2026,IN,Credit reporting,45681
2026,SC,Credit reporting,126890
2026,AL,Credit reporting,148029
2026,NY,Credit card,5601
2026,NV,Student loan,168
2026,TX,Credit card,6389
2026,OK,Credit reporting,19325
2026,TX,Bank account,5938
2026,MN,Credit reporting,16578
2026,HI,Vehicle loan or lease,38
2026,FL,Bank account,6457
2026,ND,Credit reporting,2529
2026,FL,Credit card,7219
2026,OR,Credit card,658
2026,MI,Credit card,1451
2026,UT,Money transfer/crypto,202
2026,WA,Debt collection,3266
2017,PR,Credit reporting,185
2017,AZ,Credit reporting,1564
2017,CA,Credit reporting,11127
2017,KS,Mortgage,105
2017,UT,Credit reporting,586
2017,NV,Debt collection,672
2017,LA,Debt collection,763
2017,MD,Debt collection,1193
2017,SC,Vehicle loan or lease,100
2017,NY,Credit reporting,4803
2017,TX,Mortgage,1751
2017,FL,Mortgage,2654
2017,SC,Debt collection,998
2017,ID,Credit card,77
2017,KY,Payday/personal loan,39
2017,MD,Vehicle loan or lease,189
2017,CO,Credit card,411
2017,MA,Payday/personal loan,47
2017,WI,Credit card,271
2017,CT,Credit card,327
2017,ME,Credit card,73
2017,NJ,Credit card,933
2017,TN,Debt collection,1036
2017,WV,Credit card,58
2017,DE,Credit card,163
2017,GA,Student loan,767
2017,CT,Bank account,324
2017,MI,Credit card,543
2017,TN,Vehicle loan or lease,110
2017,VA,Student loan,502
2017,NJ,Bank account,766
2017,WI,Bank account,189
2017,WA,Payday/personal loan,131
2017,NE,Mortgage,76
2017,RI,Bank account,67
2017,IN,Mortgage,281
2017,RI,Credit card,79
2017,DC,Mortgage,152
2017,SD,Credit reporting,74
2017,AK,Credit reporting,56
2017,MI,Bank account,377
2017,CO,Bank account,307
2017,PA,Payday/personal loan,134
2017,OK,Credit card,137
2017,IA,Debt collection,204
2017,ID,Bank account,46
2017,MS,Money transfer/crypto,16
2012,NM,Bank account,64
2012,TX,Mortgage,1693
2012,WI,Bank account,118
2012,MI,Credit card,315
2013,IL,Student loan,127
2012,OH,Mortgage,1045
2012,OK,Mortgage,154
2013,VA,Bank account,381
2012,RI,Mortgage,104
2013,NV,Mortgage,522
2012,LA,Credit card,112
2013,VA,Credit card,480
2012,PA,Credit card,546
2012,CT,Mortgage,480
2012,MA,Mortgage,836
2012,IN,Mortgage,308
2012,MI,Bank account,304
2013,UT,Mortgage,247
2015,NY,Credit reporting,2341
2013,WI,Mortgage,523
2012,LA,Bank account,107
2013,MO,Mortgage,629
2014,GA,Mortgage,1924
2012,DE,Student loan,9
2013,AZ,Mortgage,1159
2012,NM,Credit card,77
2012,WI,Credit card,222
2013,CA,Money transfer/crypto,81
2015,TX,Mortgage,2135
2015,CO,Mortgage,827
2016,MI,Credit reporting,971
2014,VT,Payday/personal loan,4
2016,MA,Credit card,518
2016,OH,Debt collection,1335
2013,TN,Payday/personal loan,22
2017,MI,Other financial service,5
2014,NV,Debt collection,529
2016,KS,Debt collection,258
2015,TN,Bank account,236
2017,ND,Mortgage,14
2014,OH,Payday/personal loan,157
2016,IL,Payday/personal loan,174
2015,IL,Debt collection,1452
2016,VA,Credit card,647
2016,WI,Debt collection,384
2014,WI,Debt collection,493
2015,MD,Debt collection,1066
2017,WI,Other financial service,1
2013,NY,Payday/personal loan,72
2014,NY,Mortgage,2656
2016,ID,Debt collection,145
2017,NJ,Other financial service,4
2015,WA,Mortgage,928
2013,DE,Payday/personal loan,3
2011,OH,Credit card,41
2014,FL,Mortgage,5004
2016,NC,Payday/personal loan,156
2015,IL,Vehicle loan or lease,154
2016,KY,Payday/personal loan,48
2013,MS,Payday/personal loan,12
2016,MA,Other financial service,13
2015,NC,Mortgage,1252
2016,NV,Debt collection,507
2014,SD,Debt collection,87
2015,HI,Debt collection,126
2015,CA,Other financial service,41
2014,OR,Payday/personal loan,26
2015,MO,Payday/personal loan,95
2016,VA,Bank account,609
2016,AZ,Credit reporting,905
2017,WA,Prepaid card,14
2015,WY,Debt collection,49
2016,NE,Payday/personal loan,23
2017,AE,Student loan,20
2016,MO,Mortgage,512
2017,WY,Credit card,20
2015,KS,Debt collection,253
2017,AP,Credit card,11
2017,OK,Other financial service,2
2017,MP,Mortgage,2
2015,MT,Debt collection,89
2016,GA,Money transfer/crypto,57
2015,CA,Credit card,2399
2016,CO,Mortgage,771
2013,PA,Student loan,195
2017,CO,Other financial service,4
2013,OH,Student loan,132
2015,NJ,Mortgage,2101
2012,PA,Bank account,530
2014,CA,Credit card,1918
2012,NY,Payday/personal loan,44
2013,IN,Mortgage,416
2011,DC,Credit card,6
2012,AL,Credit card,135
2013,GA,Credit card,359
2013,TX,Credit reporting,1814
2013,GA,Bank account,540
2013,SC,Credit reporting,208
2013,OR,Bank account,142
2013,ME,Mortgage,165
2013,SD,Debt collection,21
2013,DC,Money transfer/crypto,5
2016,CA,Credit reporting,5592
2014,IL,Credit reporting,1004
2015,MA,Bank account,402
2014,MI,Student loan,162
2014,NJ,Credit card,680
2014,SC,Student loan,49
2015,MN,Credit card,252
2016,MD,Bank account,717
2014,CA,Bank account,2042
2016,TN,Mortgage,547
2014,NH,Student loan,30
2016,NJ,Student loan,322
2014,IA,Mortgage,136
2015,SD,Credit card,32
2013,OR,Credit card,154
2015,AR,Debt collection,169
2014,CT,Debt collection,392
2016,WV,Mortgage,79
2014,NJ,Bank account,692
2014,IN,Student loan,88
2014,CA,Other financial service,20
2016,PA,Student loan,377
2015,CA,Bank account,2431
2012,CO,Vehicle loan or lease,23
2014,CT,Vehicle loan or lease,47
2014,CO,Credit card,259
2016,LA,Bank account,202
2016,OK,Credit card,119
2015,RI,Credit card,71
2016,MD,Credit card,556
2012,MN,Payday/personal loan,9
2015,MA,Credit card,408
2015,UT,Mortgage,239
2015,TN,Credit card,232
2014,NV,Vehicle loan or lease,37
2015,LA,Credit card,122
2012,FL,Credit reporting,167
2011,CA,Credit card,154
2015,LA,Bank account,123
2015,VA,Credit reporting,1260
2014,PA,Money transfer/crypto,34
2015,CT,Student loan,54
2014,NC,Student loan,103
2014,AR,Debt collection,197
2015,OR,Bank account,249
2014,AL,Credit reporting,335
2014,LA,Credit reporting,324
2014,TN,Student loan,69
2014,UT,Credit reporting,154
2014,AZ,Credit reporting,553
2013,MA,Credit reporting,203
2014,MA,Credit reporting,450
2014,DC,Credit reporting,126
2016,AP,Credit reporting,6
2014,KY,Credit reporting,215
2016,AL,Credit reporting,589
2013,KS,Credit reporting,75
2013,OK,Credit reporting,109
2016,OK,Bank account,74
2016,OH,Vehicle loan or lease,225
2014,WA,Student loan,90
2015,RI,Bank account,60
2014,MN,Student loan,68
2014,AE,Prepaid card,1
2015,MN,Bank account,181
2015,WV,Student loan,16
2015,OR,Credit card,235
2014,ME,Debt collection,121
2015,AR,Vehicle loan or lease,32
2011,MD,Mortgage,34
2012,AE,Mortgage,9
2012,AL,Bank account,104
2011,MI,Credit card,31
2016,DC,Credit reporting,213
2013,NJ,Payday/personal loan,50
2014,WI,Vehicle loan or lease,43
2011,NJ,Credit card,46
2014,AK,Student loan,2
2016,NM,Payday/personal loan,37
2014,DE,Student loan,21
2011,WA,Credit card,29
2012,VA,Payday/personal loan,20
2013,IA,Payday/personal loan,7
2011,PA,Mortgage,42
2015,KY,Credit card,119
2016,HI,Credit reporting,92
2012,TN,Credit reporting,28
2013,NC,Student loan,55
2012,GA,Payday/personal loan,27
2016,LA,Credit card,175
2015,SC,Student loan,67
2015,ID,Payday/personal loan,28
2014,AR,Vehicle loan or lease,26
2015,MD,Vehicle loan or lease,173
2012,NE,Vehicle loan or lease,6
2011,MT,Credit card,4
2016,IN,Student loan,142
2013,VT,Mortgage,74
2014,CO,Bank account,206
2014,MT,Mortgage,54
2016,NH,Mortgage,169
2013,MT,Debt collection,29
2015,PR,Credit reporting,143
2016,RI,Credit reporting,55
2012,NC,Credit reporting,63
2012,MO,Student loan,52
2015,OK,Student loan,22
2016,MS,Money transfer/crypto,11
2016,MN,Student loan,153
2014,NJ,Other financial service,5
2015,MO,Prepaid card,37
2016,NC,Prepaid card,33
2013,WV,Vehicle loan or lease,12
2016,KY,Prepaid card,10
2014,PR,Mortgage,48
2014,VI,Bank account,13
2018,GA,Credit card,833
2018,WA,Mortgage,555
2018,TN,Student loan,131
2018,CO,Credit reporting,1168
2018,PA,Debt collection,1473
2018,AZ,Credit card,481
2018,IN,Credit reporting,1118
2018,OR,Debt collection,370
2018,LA,Student loan,82
2018,MO,Mortgage,317
2018,WI,Credit reporting,906
2018,NV,Payday/personal loan,56
2018,CA,Payday/personal loan,582
2018,AL,Debt collection,660
2018,SD,Credit reporting,49
2018,MD,Credit card,551
2018,GA,Bank account,881
2018,NJ,Payday/personal loan,110
2018,MI,Credit reporting,2372
2018,PA,Vehicle loan or lease,213
2018,IA,Bank account,45
2018,MD,Bank account,513
2018,AZ,Bank account,450
2018,UT,Money transfer/crypto,33
2018,AK,Credit card,26
2018,OH,Payday/personal loan,226
2018,MS,Debt collection,358
2018,ND,Credit reporting,83
2018,KS,Money transfer/crypto,15
2018,VT,Payday/personal loan,6
2018,CT,Money transfer/crypto,80
2018,IA,Credit card,97
2018,HI,Mortgage,75
2018,SC,Student loan,136
2018,PR,Credit reporting,223
2018,OK,Mortgage,142
2018,DE,Debt collection,162
2018,KY,Student loan,91
2020,AL,Credit reporting,8791
2020,OK,Credit reporting,881
2020,AR,Money transfer/crypto,40
2020,FL,Bank account,2148
2020,GA,Debt collection,3923
2020,OH,Credit reporting,5756
2020,KY,Debt collection,353
2020,FL,Credit card,2972
2020,CA,Mortgage,3837
2020,NY,Student loan,314
2020,MA,Credit reporting,3410
2020,IL,Mortgage,786
2020,NV,Credit reporting,4152
2020,TN,Bank account,330
2020,LA,Mortgage,206
2020,WA,Mortgage,543
2020,MT,Credit card,46
2020,NJ,Mortgage,1081
2020,SC,Mortgage,357
2020,DC,Credit card,166
2020,IN,Credit reporting,2001
2020,WI,Debt collection,467
2020,VA,Vehicle loan or lease,215
2020,UT,Mortgage,159
2020,TN,Credit card,436
2020,CO,Mortgage,509
2020,PA,Money transfer/crypto,516
2020,PR,Credit reporting,937
2020,MI,Credit card,741
2020,GA,Vehicle loan or lease,367
2020,KY,Vehicle loan or lease,36
2020,TX,Money transfer/crypto,542
2020,AZ,Payday/personal loan,91
2020,VA,Debt collection,1273
2020,WY,Credit reporting,121
2020,NE,Mortgage,74
2020,NM,Credit card,128
2020,KS,Credit reporting,580
2020,DC,Bank account,156
2020,MT,Bank account,25
2020,WI,Vehicle loan or lease,76
2022,GA,Credit reporting,52947
2022,FL,Credit reporting,78009
2022,MN,Credit reporting,3216
2022,WA,Student loan,197
2022,CA,Credit reporting,56207
2022,NJ,Vehicle loan or lease,318
2022,IA,Payday/personal loan,26
2022,MO,Mortgage,292
2022,DC,Debt collection,190
2022,WI,Credit card,499
2022,TX,Vehicle loan or lease,804
2022,TX,Debt collection,6726
2022,CO,Money transfer/crypto,260
2022,VT,Credit card,61
2022,CT,Credit reporting,3753
2022,OK,Mortgage,175
2022,NC,Student loan,204
2022,VT,Bank account,51
2022,TN,Payday/personal loan,153
2022,AR,Mortgage,114
2022,VA,Mortgage,799
2022,NJ,Debt collection,1804
2022,IN,Credit card,423
2022,RI,Credit card,148
2022,AK,Credit reporting,364
2022,SC,Credit card,552
2022,MI,Money transfer/crypto,259
2022,KY,Mortgage,152
2022,LA,Payday/personal loan,95
2022,SC,Bank account,530
2022,RI,Bank account,91
2022,HI,Vehicle loan or lease,16
2022,NM,Credit card,167
2022,SD,Credit reporting,214
2022,IN,Bank account,408
2022,AZ,Student loan,153
2022,DE,Money transfer/crypto,56
2022,WI,Bank account,269
2023,SC,Money transfer/crypto,192
2023,CO,Payday/personal loan,106
2023,AZ,Vehicle loan or lease,247
2023,ND,Mortgage,20
2023,IL,Student loan,467
2023,NE,Payday/personal loan,26
2023,WI,Payday/personal loan,84
2023,CT,Mortgage,296
2023,AL,Student loan,131
2023,MI,Student loan,336
2023,MN,Mortgage,256
2023,WY,Credit card,48
2023,DE,Debt collection,319
2023,WV,Credit reporting,1130
2023,PA,Student loan,513
2023,KY,Credit card,288
2023,WY,Bank account,76
2023,KS,Mortgage,96
2023,AK,Money transfer/crypto,25
2023,RI,Mortgage,75
2023,DE,Vehicle loan or lease,80
2023,OK,Vehicle loan or lease,81
2023,SD,Credit reporting,278
2023,MS,Student loan,56
2023,AR,Student loan,57
2023,NM,Money transfer/crypto,59
2023,AE,Bank account,16
2023,NH,Payday/personal loan,9
2023,DC,Student loan,102
2023,AE,Credit card,16
2023,VT,Bank account,39
2023,CA,Prepaid card,520
2023,CO,Debt or credit management,14
2023,WA,Prepaid card,52
2023,WA,Debt or credit management,10
2023,CO,Prepaid card,47
2023,MT,Money transfer/crypto,20
2023,CA,Debt or credit management,46
2023,WI,Prepaid card,22
2023,PR,Debt or credit management,1
2023,ME,Prepaid card,2
2023,WI,Debt or credit management,5
2023,HI,Debt or credit management,3
2024,VA,Payday/personal loan,279
2024,WA,Student loan,340
2024,ID,Credit reporting,1762
2024,VA,Prepaid card,156
2024,TX,Payday/personal loan,987
2024,HI,Debt collection,215
2024,KY,Vehicle loan or lease,83
2024,AZ,Vehicle loan or lease,299
2024,MI,Payday/personal loan,210
2024,AL,Debt collection,3212
2024,IN,Student loan,250
2024,AL,Vehicle loan or lease,219
2024,NE,Prepaid card,30
2024,PR,Bank account,87
2024,RI,Debt collection,258
2024,CO,Money transfer/crypto,317
2024,TX,Debt or credit management,208
2024,MA,Prepaid card,170
2024,AR,Bank account,297
2024,TX,Prepaid card,429
2024,NV,Debt or credit management,25
2024,MO,Mortgage,248
2024,MT,Money transfer/crypto,38
2024,MI,Prepaid card,154
2024,MS,Mortgage,122
2024,OR,Prepaid card,84
2024,NV,Payday/personal loan,140
2024,MA,Payday/personal loan,102
2024,NE,Debt or credit management,11
2024,DE,Student loan,66
2024,NV,Prepaid card,117
2024,DC,Student loan,131
2024,HI,Vehicle loan or lease,20
2024,KS,Mortgage,95
2024,OR,Payday/personal loan,57
2024,WV,Vehicle loan or lease,44
2024,VI,Bank account,10
2024,NE,Payday/personal loan,24
2024,MI,Debt or credit management,83
2024,AE,Payday/personal loan,8
2024,UNITED STATES MINOR OUTLYING ISLANDS,Student loan,1
2024,VA,Debt or credit management,48
2024,OR,Debt or credit management,17
2024,ME,Mortgage,73
2024,MA,Debt or credit management,31
2025,MI,Prepaid card,188
2025,AR,Credit card,490
2025,AL,Credit card,910
2025,NV,Debt collection,3513
2025,IN,Credit card,1091
2025,MN,Credit card,803
2025,FL,Payday/personal loan,1313
2025,OH,Student loan,670
2025,ND,Credit card,64
2025,MS,Credit card,475
2025,AA,Money transfer/crypto,1
2025,CT,Credit card,1002
2025,PR,Credit card,210
2025,PR,Bank account,89
2025,IA,Debt or credit management,13
2025,MA,Mortgage,382
2025,WI,Credit card,812
2025,LA,Mortgage,409
2025,NH,Bank account,180
2025,DC,Student loan,132
2025,WV,Student loan,73
2025,RI,Payday/personal loan,35
2025,VT,Credit reporting,814
2025,ME,Student loan,74
2025,MI,Debt or credit management,120
2025,MI,Payday/personal loan,329
2025,NH,Credit card,266
2025,ND,Bank account,64
2025,IA,Prepaid card,38
2025,KS,Mortgage,130
2025,IA,Payday/personal loan,51
2025,RI,Prepaid card,21
2025,WY,Mortgage,30
2025,GU,Bank account,7
2025,SD,Mortgage,26
2025,VI,Student loan,10
2026,WV,Credit reporting,3910
2026,NY,Bank account,4990
2026,KS,Debt collection,600
2026,GA,Mortgage,1381
2026,HI,Debt collection,291
2026,LA,Payday/personal loan,247
2026,NC,Money transfer/crypto,950
2026,MA,Money transfer/crypto,485
2026,WA,Vehicle loan or lease,194
2026,CT,Debt collection,1435
2026,AE,Credit reporting,297
2026,OR,Bank account,560
2026,TN,Mortgage,436
2026,AZ,Money transfer/crypto,476
2026,IA,Debt collection,552
2026,NJ,Money transfer/crypto,801
2026,MI,Bank account,1532
2026,KY,Money transfer/crypto,226
2026,NM,Student loan,56
2026,VA,Student loan,454
2026,SD,Credit card,82
2026,MD,Money transfer/crypto,625
2026,CT,Vehicle loan or lease,185
2026,NH,Money transfer/crypto,74
2026,MS,Money transfer/crypto,205
2026,RI,Money transfer/crypto,66
2026,MT,Student loan,32
2026,OH,Mortgage,697
2026,WI,Money transfer/crypto,240
2026,ID,Mortgage,100
2026,SD,Bank account,90
2026,AP,Credit reporting,160
2026,LA,Prepaid card,59
2026,KS,Vehicle loan or lease,66
2026,DC,Student loan,73
2026,GU,Bank account,6
2026,VT,Credit card,79
2026,ME,Debt or credit management,8
2026,IA,Vehicle loan or lease,61
2026,VT,Bank account,34
2026,ME,Payday/personal loan,27
2026,LA,Debt or credit management,54
2026,AR,Student loan,88
2017,AL,Student loan,205
2017,WV,Bank account,42
2017,VT,Payday/personal loan,4
2017,DE,Bank account,111
2017,OK,Bank account,73
2017,LA,Vehicle loan or lease,61
2017,NC,Money transfer/crypto,70
2017,IL,Money transfer/crypto,124
2017,WY,Bank account,14
2017,ME,Bank account,38
2017,IA,Vehicle loan or lease,25
2017,MT,Student loan,50
2017,NV,Vehicle loan or lease,66
2016,MA,Bank account,470
2017,PA,Prepaid card,21
2017,MA,Prepaid card,6
2016,VA,Other financial service,33
2014,ID,Mortgage,119
2015,KY,Bank account,101
2011,SC,Credit card,13
2015,VT,Credit reporting,39
2014,OR,Prepaid card,6
2013,ID,Debt collection,48
2011,TN,Mortgage,16
2014,MD,Money transfer/crypto,32
2016,NV,Vehicle loan or lease,87
2016,ND,Payday/personal loan,11
2012,NJ,Credit reporting,54
2015,ID,Prepaid card,5
2013,MI,Student loan,91
2015,NM,Student loan,15
2016,DE,Student loan,38
2014,ME,Vehicle loan or lease,13
2012,WY,Mortgage,37
2017,NM,Money transfer/crypto,12
2017,NH,Money transfer/crypto,11
2017,GU,Debt collection,5
2017,AP,Bank account,3
2018,DC,Payday/personal loan,16
2018,AL,Vehicle loan or lease,89
2018,MS,Vehicle loan or lease,42
2018,NM,Debt collection,173
2018,MN,Money transfer/crypto,57
2018,ID,Payday/personal loan,19
2018,WV,Mortgage,39
2018,ME,Money transfer/crypto,11
2018,AR,Payday/personal loan,21
2018,RI,Money transfer/crypto,7
2018,OR,Vehicle loan or lease,32
2018,WY,Vehicle loan or lease,10
2018,GU,Payday/personal loan,1
2020,MD,Payday/personal loan,96
2020,MI,Bank account,490
2020,CT,Student loan,57
2020,NM,Bank account,86
2020,NH,Credit reporting,230
2020,RI,Money transfer/crypto,19
2020,MO,Payday/personal loan,77
2020,ME,Student loan,19
2020,WV,Money transfer/crypto,23
2020,SD,Mortgage,26
2020,IA,Payday/personal loan,19
2020,AE,Mortgage,7
2020,AK,Mortgage,30
2020,ID,Payday/personal loan,14
2020,HI,Student loan,17
2020,ND,Money transfer/crypto,4
2020,OR,Payday/personal loan,31
2020,VT,Payday/personal loan,4
2020,GU,Mortgage,1
2020,DE,Student loan,10
2022,OH,Student loan,291
2022,NE,Credit card,130
2022,NH,Money transfer/crypto,44
2022,HI,Debt collection,114
2022,ID,Bank account,94
2022,OR,Money transfer/crypto,160
2022,ID,Credit card,110
2022,AE,Student loan,9
2022,NY,Payday/personal loan,272
2022,MD,Student loan,229
2022,PR,Credit reporting,1351
2022,NE,Bank account,97
2022,DC,Vehicle loan or lease,40
2022,NM,Bank account,150
2022,UNITED STATES MINOR OUTLYING ISLANDS,Money transfer/crypto,6
2022,MS,Money transfer/crypto,58
2022,ME,Money transfer/crypto,21
2022,ND,Mortgage,16
2022,MT,Mortgage,39
2022,WY,Money transfer/crypto,18
2015,GA,Money transfer/crypto,75
2016,ND,Prepaid card,2
2015,IN,Payday/personal loan,60
2015,NH,Payday/personal loan,12
2016,IL,Prepaid card,56
2015,TN,Other financial service,5
2014,OH,Prepaid card,18
2013,SD,Vehicle loan or lease,3
2015,AP,Credit reporting,11
2015,MH,Credit reporting,1
2015,NE,Prepaid card,7
2013,NM,Payday/personal loan,6
2016,KS,Vehicle loan or lease,36
2013,AR,Payday/personal loan,3
2012,IA,Student loan,19
2013,MN,Student loan,44
2011,IN,Credit card,11
2015,VI,Credit reporting,10
2012,WA,Payday/personal loan,11
2015,KS,Vehicle loan or lease,19
2013,NH,Student loan,26
2012,AK,Mortgage,25
2012,VT,Student loan,9
2015,SD,Bank account,19
2012,SC,Student loan,27
2012,MS,Credit reporting,15
2016,IA,Money transfer/crypto,14
2016,NE,Prepaid card,4
2018,NE,Payday/personal loan,22
2018,NM,Vehicle loan or lease,22
2018,AK,Bank account,18
2021,CA,Credit reporting,32187
2021,TX,Credit reporting,35505
2021,SC,Bank account,282
2021,MO,Debt collection,951
2021,WY,Money transfer/crypto,20
2021,NV,Credit card,507
2021,IN,Mortgage,240
2021,WI,Credit reporting,1627
2021,AZ,Student loan,66
2021,LA,Debt collection,1252
2021,NJ,Student loan,146
2021,OR,Mortgage,261
2021,RI,Credit reporting,380
2021,TN,Bank account,420
2021,AL,Mortgage,246
2021,NV,Bank account,462
2021,CO,Debt collection,693
2021,FL,Student loan,290
2021,WA,Money transfer/crypto,273
2021,DC,Debt collection,172
2021,AR,Mortgage,119
2021,SC,Credit card,417
2021,MN,Money transfer/crypto,129
2021,TN,Credit card,398
2021,MI,Money transfer/crypto,237
2021,KY,Debt collection,384
2021,ND,Payday/personal loan,8
2021,IL,Payday/personal loan,161
2021,VA,Student loan,167
2021,OH,Money transfer/crypto,316
2021,MD,Student loan,123
2026,PR,Mortgage,43
2023,HI,Prepaid card,2
2023,HI,Payday/personal loan,12
2023,ME,Debt or credit management,1
2023,ME,Payday/personal loan,10
2023,UNITED STATES MINOR OUTLYING ISLANDS,Payday/personal loan,1
2023,NH,Prepaid card,8
2023,PR,Payday/personal loan,10
2023,NE,Prepaid card,3
2025,RI,Debt or credit management,12
2026,GU,Credit card,18
2016,AK,Mortgage,48
2012,KS,Payday/personal loan,5
2012,WV,Credit reporting,4
2014,WY,Student loan,9
2013,WV,Debt collection,34
2013,ND,Vehicle loan or lease,3
2015,AE,Mortgage,19
2013,CO,Payday/personal loan,18
2013,WY,Debt collection,13
2016,WI,Vehicle loan or lease,55
2014,KS,Money transfer/crypto,5
2016,WY,Money transfer/crypto,1
2013,PR,Student loan,3
2015,WY,Vehicle loan or lease,6
2016,MD,Other financial service,15
2015,ME,Money transfer/crypto,4
2014,MP,Debt collection,2
2016,ID,Vehicle loan or lease,18
2014,SD,Vehicle loan or lease,7
2014,HI,Money transfer/crypto,4
2015,NH,Prepaid card,6
2014,VI,Credit card,4
2015,IN,Prepaid card,22
2015,MA,Other financial service,7
2015,MT,Vehicle loan or lease,5
2018,WY,Debt collection,46
2018,MT,Money transfer/crypto,9
2018,AE,Credit card,12
2018,AA,Credit reporting,2
2018,DE,Vehicle loan or lease,28
2018,AP,Credit reporting,32
2018,FM,Money transfer/crypto,1
2020,VI,Debt collection,2
2021,AP,Mortgage,3
2021,PA,Money transfer/crypto,355
2021,LA,Vehicle loan or lease,112
2021,CO,Vehicle loan or lease,107
2021,OK,Payday/personal loan,27
2021,KY,Vehicle loan or lease,49
2021,NH,Credit reporting,220
2021,GA,Payday/personal loan,252
2021,DC,Vehicle loan or lease,36
2021,UT,Mortgage,178
2021,MA,Payday/personal loan,44
2021,KS,Money transfer/crypto,59
2021,VT,Mortgage,44
2021,NY,Payday/personal loan,192
2021,NC,Payday/personal loan,134
2021,MT,Credit card,53
2021,AE,Mortgage,8
2021,MO,Vehicle loan or lease,117
2021,SD,Money transfer/crypto,17
2021,NM,Payday/personal loan,21
2021,IA,Mortgage,112
2022,GU,Credit reporting,9
2014,RI,Student loan,19
2015,MN,Other financial service,6
2016,NM,Prepaid card,4
2019,FL,Credit reporting,22351
2019,MO,Debt collection,793
2019,CA,Credit card,3677
2019,NC,Credit reporting,4777
2019,NY,Debt collection,2564
2019,IN,Debt collection,529
2019,CO,Debt collection,608
2019,AR,Credit reporting,691
2019,IL,Debt collection,1407
2019,PA,Credit card,934
2019,TX,Student loan,459
2019,AZ,Money transfer/crypto,106
2019,CA,Bank account,3174
2019,TN,Mortgage,365
2019,MI,Credit reporting,2460
2019,MN,Debt collection,397
2019,AL,Credit reporting,2517
2019,IL,Vehicle loan or lease,178
2019,OH,Money transfer/crypto,134
2019,OR,Credit reporting,498
2019,MA,Payday/personal loan,52
2019,KS,Credit card,127
2019,MO,Vehicle loan or lease,70
2019,KS,Bank account,77
2019,WI,Mortgage,228
2019,RI,Mortgage,80
2019,PA,Bank account,790
2019,CO,Vehicle loan or lease,68
2019,HI,Credit reporting,389
2019,LA,Debt collection,712
2019,IA,Mortgage,77
2019,NJ,Payday/personal loan,126
2019,NH,Credit card,71
2019,SD,Bank account,20
2019,NY,Vehicle loan or lease,319
2019,MD,Money transfer/crypto,135
2019,UT,Payday/personal loan,29
2019,NV,Student loan,70
2023,AP,Prepaid card,1
2024,VI,Credit card,6
2025,GU,Credit card,4
2026,UNITED STATES MINOR OUTLYING ISLANDS,Bank account,5
2015,OR,Other financial service,5
2016,SD,Student loan,15
2012,PR,Payday/personal loan,4
2012,AR,Payday/personal loan,1
2017,GU,Vehicle loan or lease,2
2015,LA,Other financial service,2
2016,GU,Student loan,4
2015,HI,Vehicle loan or lease,6
2016,AA,Debt collection,1
2014,NE,Money transfer/crypto,5
2014,WV,Payday/personal loan,3
2014,WV,Prepaid card,1
2015,AK,Payday/personal loan,6
2013,MT,Vehicle loan or lease,3
2015,AK,Prepaid card,3
2016,AE,Student loan,6
2019,CT,Payday/personal loan,31
2019,WV,Money transfer/crypto,13
2019,WA,Payday/personal loan,77
2019,NE,Mortgage,66
2019,MN,Vehicle loan or lease,55
2019,IN,Vehicle loan or lease,62
2019,NH,Bank account,62
2019,AK,Debt collection,55
2019,LA,Vehicle loan or lease,73
2019,SD,Credit card,40
2019,KY,Payday/personal loan,46
2019,VI,Credit card,6
2019,WY,Debt collection,58
2019,DE,Money transfer/crypto,17
2019,AE,Vehicle loan or lease,4
2019,NM,Money transfer/crypto,11
2019,DC,Student loan,59
2019,VT,Money transfer/crypto,8
2019,OK,Student loan,53
2020,VI,Vehicle loan or lease,1
2020,UNITED STATES MINOR OUTLYING ISLANDS,Student loan,1
2022,WV,Payday/personal loan,3
2017,ID,Other financial service,1
2015,RI,Other financial service,3
2013,PW,Mortgage,1
2021,HI,Money transfer/crypto,40
2021,ID,Payday/personal loan,24
2023,VI,Mortgage,3
2023,AP,Payday/personal loan,3
2026,ME,Prepaid card,3
2026,UNITED STATES MINOR OUTLYING ISLANDS,Credit card,2
2016,ME,Money transfer/crypto,4
2016,LA,Other financial service,7
2016,PR,Money transfer/crypto,3
2017,RI,Other financial service,2
2016,VT,Money transfer/crypto,1
2015,GU,Student loan,2
2016,UT,Money transfer/crypto,5
2017,KY,Prepaid card,5
2017,ME,Other financial service,2
2017,AA,Mortgage,1
2021,NE,Student loan,21
2021,AK,Money transfer/crypto,21
2021,ME,Student loan,18
2021,VI,Mortgage,5
2021,MT,Bank account,41
2021,AA,Debt collection,1
2016,MT,Money transfer/crypto,3
2015,NE,Payday/personal loan,6
2023,AA,Debt collection,1
2013,ND,Debt collection,10
2013,HI,Payday/personal loan,2
2013,RI,Money transfer/crypto,1
2013,GU,Debt collection,3
2013,AK,Student loan,6
2013,ID,Vehicle loan or lease,6
2013,AL,Money transfer/crypto,2
2013,CT,Money transfer/crypto,3
2013,KY,Money transfer/crypto,1
2020,AA,Mortgage,1
2020,AP,Money transfer/crypto,2
2022,AS,Money transfer/crypto,1
2018,AE,Bank account,6
2019,AP,Student loan,1
2014,FM,Credit reporting,1
2013,VI,Money transfer/crypto,1
2018,VI,Student loan,1
2019,PR,Student loan,11
2019,ND,Student loan,11
2021,PR,Student loan,8
2019,AE,Debt collection,10
2015,ND,Money transfer/crypto,2
2013,WY,Vehicle loan or lease,3
2015,IA,Money transfer/crypto,4
2014,CO,Other financial service,1
2016,OK,Other financial service,2
2019,VI,Bank account,5
2019,WY,Vehicle loan or lease,1
2021,GU,Mortgage,1
2016,FM,Mortgage,1
2015,MP,Mortgage,2
2017,WV,Other financial service,1
2017,CT,Other financial service,1
2019,MH,Student loan,1
2019,AK,Vehicle loan or lease,1
2022,VI,Money transfer/crypto,1
2023,NC,Credit reporting,37889
2023,MA,Credit reporting,9828
2023,NJ,Credit reporting,33201
2023,MI,Debt collection,1821
2023,LA,Credit reporting,23644
2023,CA,Mortgage,2651
2023,IL,Debt collection,2844
2023,WA,Mortgage,422
2023,FL,Bank account,4750
2023,AL,Debt collection,1320
2023,OH,Credit card,1497
2023,FL,Credit card,5377
2023,CO,Mortgage,429
2023,AE,Credit reporting,177
2023,GA,Bank account,2468
2023,PA,Debt collection,2599
2023,MS,Debt collection,730
2023,TX,Money transfer/crypto,1089
2023,GA,Credit card,2459
2023,TN,Bank account,679
2023,WY,Credit reporting,354
2023,KY,Credit reporting,4348
2023,AR,Debt collection,490
2023,ME,Mortgage,52
2023,HI,Mortgage,60
2023,UT,Credit card,320
2023,SD,Credit card,76
2023,CT,Payday/personal loan,55
2023,IL,Vehicle loan or lease,520
2023,PR,Mortgage,60
2024,PA,Credit reporting,111296
2024,OR,Mortgage,239
2024,MD,Money transfer/crypto,359
2024,IN,Debt collection,2259
2024,IL,Debt collection,6795
2024,IN,Vehicle loan or lease,216
2024,MO,Debt or credit management,33
2024,GA,Debt collection,12768
2024,CT,Credit card,873
2024,AR,Credit reporting,11504
2024,RI,Student loan,53
2024,NY,Payday/personal loan,386
2024,CT,Bank account,665
2024,CA,Money transfer/crypto,2340
2024,AL,Student loan,142
2024,TX,Mortgage,1726
2024,MN,Credit card,787
2024,IL,Vehicle loan or lease,507
2024,MN,Bank account,631
2024,WA,Debt collection,1282
2024,NJ,Money transfer/crypto,583
2024,VA,Mortgage,658
2024,IA,Money transfer/crypto,92
2024,NC,Student loan,467
2024,VI,Credit reporting,755
2024,SD,Money transfer/crypto,19
2024,WI,Credit card,782
2024,DE,Debt collection,704
2024,MS,Payday/personal loan,143
2024,FL,Student loan,925
2024,GA,Vehicle loan or lease,1103
2024,NM,Money transfer/crypto,67
2024,NY,Prepaid card,464
2024,WI,Bank account,428
2025,CA,Credit reporting,440281
2025,CT,Credit reporting,29683
2025,IL,Money transfer/crypto,6535
2025,PA,Money transfer/crypto,2421
2025,WI,Credit reporting,32084
2025,AL,Credit reporting,133984
2025,VA,Credit reporting,87174
2025,KY,Money transfer/crypto,714
2025,MS,Credit reporting,95081
2025,NJ,Money transfer/crypto,2183
2025,OK,Bank account,582
2025,NY,Credit reporting,266090
2025,IN,Credit reporting,52483
2025,AZ,Bank account,1628
2025,AR,Credit reporting,32964
2025,CO,Credit reporting,26624
2025,MN,Credit reporting,19123
2025,TX,Debt or credit management,484
2025,FL,Mortgage,2760
2025,NH,Credit reporting,3489
2025,HI,Bank account,177
2025,SC,Debt collection,6608
2025,NE,Money transfer/crypto,190
2025,PR,Credit reporting,23701
2025,SC,Vehicle loan or lease,453
2025,ND,Credit reporting,2355
2025,OH,Debt collection,6574
2025,AZ,Credit card,1760
2025,HI,Credit card,242
2026,NY,Credit reporting,240649
2026,FL,Credit reporting,695849
2026,TX,Credit reporting,795291
2026,MI,Credit reporting,88960
2026,SD,Credit reporting,1263
2026,NV,Debt collection,2809
2026,VA,Debt collection,4249
2026,CA,Credit card,10806
2026,OR,Credit reporting,9587
2026,SC,Credit card,893
2026,TN,Prepaid card,105
2026,IN,Credit card,747
2026,VA,Vehicle loan or lease,481
2026,WV,Credit card,160
2026,MN,Bank account,663
2026,AR,Vehicle loan or lease,159
2026,IL,Money transfer/crypto,910
2026,AR,Debt collection,1697
2017,PA,Mortgage,1102
2017,AE,Debt collection,19
2017,DE,Credit reporting,434
2017,CA,Credit card,3377
2017,AL,Debt collection,589
2017,AK,Credit card,37
2017,GA,Debt collection,3035
2017,OK,Credit reporting,494
2017,CA,Bank account,2833
2017,MA,Mortgage,757
2017,CO,Credit reporting,1285
2017,VA,Debt collection,1127
2017,NJ,Credit reporting,2308
2017,WA,Mortgage,736
2017,NY,Bank account,1670
2017,VA,Vehicle loan or lease,233
2017,LA,Student loan,198
2017,MI,Credit reporting,1968
2017,FL,Payday/personal loan,305
2017,NY,Credit card,1883
2017,CT,Credit reporting,877
2017,MD,Student loan,476
2017,TN,Student loan,281
2017,AZ,Credit card,528
2017,ME,Credit reporting,194
2017,UT,Credit card,147
2017,AP,Credit reporting,36
2017,WI,Credit reporting,924
2017,IA,Student loan,87
2017,TX,Payday/personal loan,425
2017,AR,Money transfer/crypto,9
2017,SD,Credit card,46
2017,KY,Mortgage,150
2017,GA,Vehicle loan or lease,331
2017,WV,Credit reporting,201
2017,OH,Money transfer/crypto,76
2017,OR,Money transfer/crypto,34
2017,AZ,Bank account,456
2017,SC,Student loan,279
2017,UT,Bank account,78
2017,MN,Money transfer/crypto,37
2017,NV,Student loan,127
2014,UT,Credit card,72
2013,IA,Mortgage,125
2013,MS,Mortgage,173
2016,NJ,Debt collection,1278
2012,NJ,Credit card,608
2013,TX,Bank account,732
2012,NY,Mortgage,2179
2012,VA,Mortgage,1109
2012,GA,Mortgage,2141
2015,NY,Bank account,1525
2012,FL,Bank account,1081
2012,MN,Mortgage,478
2012,MO,Vehicle loan or lease,19
2012,WV,Credit card,58
2012,WA,Mortgage,805
2012,FL,Credit card,1256
2013,NY,Mortgage,2828
2013,TX,Credit card,813
2012,MS,Bank account,41
2011,IL,Credit card,48
2012,NJ,Bank account,653
2012,RI,Payday/personal loan,3
2012,TX,Payday/personal loan,38
2016,IL,Mortgage,1546
2013,NM,Mortgage,192
2012,TN,Credit card,253
2012,PR,Mortgage,32
2012,NC,Bank account,321
2013,KS,Credit card,77
2016,MN,Debt collection,441
2013,NJ,Mortgage,2123
2014,CA,Credit reporting,3724
2016,NJ,Vehicle loan or lease,256
2013,PA,Vehicle loan or lease,92
2013,CO,Mortgage,814
2013,TN,Mortgage,615
2013,IL,Debt collection,334
2013,MN,Debt collection,109
2015,NY,Credit card,1619
2016,RI,Bank account,66
2017,PR,Bank account,34
2015,NJ,Payday/personal loan,124
2016,DC,Credit card,167
2016,CA,Bank account,3288
2015,OK,Debt collection,358
2016,PA,Debt collection,1239
2016,TN,Payday/personal loan,157
2014,FL,Payday/personal loan,208
2014,SC,Debt collection,621
2014,MI,Debt collection,921
2014,TN,Debt collection,728
2017,TX,Prepaid card,25
2017,FL,Prepaid card,35
2015,TX,Payday/personal loan,471
2014,NC,Debt collection,922
2017,CA,Other financial service,22
2016,MO,Payday/personal loan,123
2015,NY,Other financial service,26
2016,PA,Vehicle loan or lease,219
2015,VA,Bank account,539
2016,AL,Other financial service,6
2013,HI,Mortgage,175
2016,IN,Debt collection,541
2017,AL,Vehicle loan or lease,70
2014,WA,Debt collection,826
2014,RI,Debt collection,136
2014,NY,Payday/personal loan,104
2016,OH,Student loan,317
2014,TX,Money transfer/crypto,83
2015,NM,Debt collection,221
2016,CO,Payday/personal loan,58
2015,SC,Debt collection,573
2016,CA,Credit card,3023
2013,SC,Credit card,129
2017,NY,Other financial service,22
2015,IN,Mortgage,399
2016,IN,Vehicle loan or lease,92
2015,CT,Debt collection,320
2015,OK,Vehicle loan or lease,35
2015,WA,Payday/personal loan,51
2015,NC,Payday/personal loan,132
2017,AK,Bank account,24
2014,MN,Debt collection,382
2014,GA,Payday/personal loan,156
2016,NH,Prepaid card,6
2015,WV,Debt collection,107
2014,NH,Debt collection,135
2014,IN,Debt collection,527
2016,DE,Debt collection,185
2016,FL,Money transfer/crypto,120
2016,TX,Money transfer/crypto,111
2016,DE,Vehicle loan or lease,33
2016,NH,Payday/personal loan,14
2016,KY,Mortgage,211
2016,CA,Other financial service,49
2016,NE,Mortgage,94
2017,NE,Prepaid card,2
2013,AR,Mortgage,159
2016,WA,Money transfer/crypto,38
2015,GU,Debt collection,8
2013,DE,Mortgage,250
2011,OR,Mortgage,15
2016,NC,Mortgage,1197
2011,FL,Mortgage,105
2016,NY,Money transfer/crypto,127
2014,NC,Vehicle loan or lease,102
2013,MA,Credit card,336
2013,IL,Vehicle loan or lease,69
2012,AR,Mortgage,112
2014,IL,Bank account,582
2013,MA,Bank account,432
2012,NC,Credit card,413
2013,OH,Debt collection,352
2012,KS,Mortgage,146
2013,WI,Payday/personal loan,28
2013,VA,Credit reporting,481
2014,OH,Mortgage,1227
2012,PA,Credit reporting,70
2015,VA,Credit card,597
2014,CT,Student loan,43
2014,WV,Mortgage,94
2016,MN,Vehicle loan or lease,60
2013,PR,Debt collection,19
2014,LA,Bank account,109
2016,HI,Bank account,49
2016,DC,Bank account,165
2014,MA,Bank account,423
2015,PR,Bank account,73
2015,CO,Payday/personal loan,54
2014,VA,Money transfer/crypto,34
2014,TN,Vehicle loan or lease,67
2014,AZ,Bank account,307
2016,MI,Bank account,453
2014,AZ,Credit card,289
2014,IL,Credit card,504
2011,WI,Credit card,12
2015,TN,Credit reporting,544
2014,OR,Mortgage,530
2016,NM,Mortgage,164
2013,UT,Payday/personal loan,1
2014,AL,Bank account,162
2012,DE,Vehicle loan or lease,23
2015,AZ,Money transfer/crypto,31
2015,MN,Credit reporting,324
2011,TX,Credit card,86
2015,NH,Mortgage,183
2016,AZ,Bank account,508
2016,AZ,Credit card,529
2016,AL,Bank account,195
2014,DE,Vehicle loan or lease,37
2015,IL,Student loan,180
2013,OK,Credit card,86
2016,AE,Debt collection,12
2016,AP,Credit card,9
2013,OH,Vehicle loan or lease,104
2016,MI,Credit card,449
2014,MA,Credit card,369
2014,AK,Debt collection,68
2012,OK,Payday/personal loan,3
2013,AK,Debt collection,19
2016,AL,Credit card,169
2013,OK,Bank account,62
2015,WA,Prepaid card,38
2015,VI,Bank account,6
2016,MA,Credit reporting,560
2014,WI,Student loan,53
2015,FL,Money transfer/crypto,116
2015,VT,Bank account,35
2012,LA,Credit reporting,19
2015,OR,Credit reporting,354
2015,KY,Credit reporting,274
2014,NJ,Credit reporting,838
2016,MD,Credit reporting,1272
2016,OK,Credit reporting,276
2016,VA,Credit reporting,1466
2014,CO,Credit reporting,512
2013,GA,Credit reporting,494
2016,LA,Credit reporting,581
2015,MA,Credit reporting,544
2015,LA,Credit reporting,373
2015,SD,Credit reporting,35
2013,NC,Debt collection,228
2013,WV,Student loan,23
2015,AP,Credit card,5
2014,AL,Credit card,99
2016,WI,Student loan,103
2014,MN,Vehicle loan or lease,24
2014,LA,Credit card,102
2014,KY,Bank account,103
2014,KY,Credit card,98
2013,PR,Vehicle loan or lease,3
2014,DE,Debt collection,210
2013,PA,Debt collection,425
2012,TN,Bank account,140
2014,MT,Payday/personal loan,4
2014,OK,Money transfer/crypto,16
2014,VT,Mortgage,87
2013,SC,Bank account,116
2015,RI,Credit reporting,60
2013,MT,Student loan,6
2013,NC,Vehicle loan or lease,80
2014,WA,Vehicle loan or lease,32
2014,DC,Bank account,132
2015,PR,Credit card,49
2014,WY,Debt collection,57
2015,SC,Vehicle loan or lease,87
2015,VT,Credit card,61
2014,DC,Credit card,99
2015,NJ,Prepaid card,78
2013,FL,Money transfer/crypto,38
2016,CT,Money transfer/crypto,15
2016,SC,Money transfer/crypto,21
2015,OH,Money transfer/crypto,39
2013,NH,Vehicle loan or lease,8
2013,AA,Mortgage,2
2014,MI,Vehicle loan or lease,100
2013,OR,Credit reporting,177
2012,NM,Credit reporting,7
2011,NY,Mortgage,90
2016,KS,Student loan,56
2014,ME,Student loan,19
2016,RI,Credit card,64
2015,ID,Mortgage,127
2015,AR,Student loan,20
2015,NV,Money transfer/crypto,16
2014,NV,Student loan,40
2014,GA,Prepaid card,17
2015,NE,Mortgage,91
2013,MI,Debt collection,282
2012,CT,Payday/personal loan,13
2013,MI,Vehicle loan or lease,82
2016,TN,Prepaid card,18
2018,GA,Credit reporting,8350
2018,SC,Debt collection,951
2018,IL,Money transfer/crypto,196
2018,KY,Debt collection,399
2018,NV,Mortgage,276
2018,TX,Money transfer/crypto,349
2018,CO,Credit card,436
2018,WI,Credit card,279
2018,CA,Mortgage,3638
2018,PA,Student loan,461
2018,MD,Credit reporting,2332
2018,DE,Student loan,32
2018,FL,Money transfer/crypto,424
2018,AZ,Credit reporting,1989
2018,SC,Vehicle loan or lease,97
2018,MI,Credit card,547
2018,IN,Credit card,256
2018,IN,Bank account,179
2018,NJ,Mortgage,1189
2018,DC,Mortgage,108
2018,TN,Debt collection,913
2018,CO,Bank account,306
2018,MS,Student loan,86
2018,NC,Money transfer/crypto,99
2018,KY,Vehicle loan or lease,42
2018,OR,Student loan,112
2018,AR,Mortgage,93
2018,MI,Bank account,422
2018,LA,Vehicle loan or lease,68
2018,AL,Student loan,118
2018,WI,Bank account,203
2018,MA,Money transfer/crypto,124
2018,ND,Credit card,22
2018,VA,Money transfer/crypto,146
2018,PR,Credit card,82
2018,LA,Debt collection,854
2018,GU,Mortgage,2
2018,TN,Vehicle loan or lease,71
2018,OH,Mortgage,537
2018,NE,Mortgage,61
2018,ID,Mortgage,67
2018,AP,Credit card,5
2018,IA,Credit reporting,255
2018,WA,Payday/personal loan,77
2020,FL,Credit reporting,43051
2020,MI,Credit reporting,4304
2020,CA,Payday/personal loan,581
2020,DC,Credit reporting,976
2020,OH,Bank account,753
2020,MA,Credit card,1019
2020,NY,Debt collection,3211
2020,AL,Credit card,322
2020,MO,Mortgage,256
2020,NV,Bank account,337
2020,OH,Credit card,1030
2020,TN,Credit reporting,8733
2020,MA,Bank account,430
2020,MD,Mortgage,916
2020,NY,Vehicle loan or lease,397
2020,UT,Payday/personal loan,34
2020,NH,Credit card,105
2020,WI,Student loan,59
2020,OR,Mortgage,286
2020,LA,Payday/personal loan,67
2020,NC,Money transfer/crypto,248
2020,AL,Bank account,208
2020,CO,Payday/personal loan,65
2020,MT,Credit reporting,157
2020,IL,Payday/personal loan,160
2020,HI,Debt collection,118
2020,AZ,Mortgage,606
2020,NV,Credit card,461
2020,OK,Credit card,257
2020,IN,Bank account,299
2020,PR,Credit card,78
2020,ME,Debt collection,84
2020,NM,Credit reporting,427
2020,VA,Student loan,142
2020,CT,Debt collection,352
2020,WA,Payday/personal loan,82
2020,DE,Debt collection,307
2020,PR,Bank account,47
2020,MN,Money transfer/crypto,68
2020,CT,Vehicle loan or lease,101
2020,OK,Bank account,104
2020,ID,Mortgage,88
2020,ME,Vehicle loan or lease,16
2020,IN,Credit card,303
2020,IA,Mortgage,93
2020,NJ,Payday/personal loan,106
2020,SC,Payday/personal loan,89
2022,SC,Credit reporting,12714
2022,MN,Credit card,521
2022,FL,Credit card,3636
2022,FL,Bank account,3441
2022,CA,Bank account,5406
2022,RI,Credit reporting,1042
2022,CT,Credit card,513
2022,IL,Money transfer/crypto,510
2022,OH,Vehicle loan or lease,288
2022,OH,Debt collection,1698
2022,PA,Money transfer/crypto,448
2022,CA,Credit card,5672
2022,WI,Credit reporting,4309
2022,WA,Vehicle loan or lease,79
2022,GA,Bank account,1751
2022,MD,Debt collection,1401
2022,GA,Credit card,1737
2022,NY,Mortgage,1217
2022,MN,Bank account,462
2022,NC,Debt collection,1933
2022,MA,Money transfer/crypto,288
2022,CT,Bank account,586
2022,TN,Mortgage,362
2022,IN,Credit reporting,6195
2022,AZ,Vehicle loan or lease,210
2022,TX,Student loan,529
2022,VT,Credit reporting,106
2022,WA,Debt collection,637
2022,AZ,Debt collection,1137
2022,UT,Money transfer/crypto,100
2022,WV,Mortgage,75
2022,NM,Credit reporting,998
2022,NC,Vehicle loan or lease,304
2023,PA,Vehicle loan or lease,458
2023,OH,Bank account,1296
2023,MN,Payday/personal loan,71
2023,DC,Debt collection,227
2023,NY,Payday/personal loan,258
2023,TN,Credit card,795
2023,NH,Mortgage,69
2023,UT,Bank account,249
2023,AZ,Student loan,218
2023,IA,Money transfer/crypto,58
2023,AL,Vehicle loan or lease,238
2023,MI,Vehicle loan or lease,321
2023,WV,Bank account,124
2023,AR,Vehicle loan or lease,97
2023,WI,Mortgage,250
2023,UNITED STATES MINOR OUTLYING ISLANDS,Mortgage,6
2023,IN,Money transfer/crypto,163
2023,NE,Mortgage,65
2023,MS,Vehicle loan or lease,160
2023,WV,Credit card,135
2023,ID,Credit card,206
2023,VT,Credit reporting,226
2023,OK,Student loan,68
2023,DE,Student loan,40
2023,RI,Payday/personal loan,9
2023,ID,Bank account,135
2023,DC,Vehicle loan or lease,59
2023,NV,Student loan,85
2023,KS,Payday/personal loan,48
2023,SD,Bank account,62
2023,NY,Prepaid card,177
2023,CT,Prepaid card,32
2023,MN,Prepaid card,19
2023,RI,Debt or credit management,2
2023,NY,Debt or credit management,29
2023,KS,Prepaid card,11
2023,CT,Debt or credit management,6
2023,RI,Prepaid card,9
2024,LA,Money transfer/crypto,178
2024,OH,Money transfer/crypto,442
2024,MO,Payday/personal loan,173
2024,NY,Debt or credit management,132
2024,PR,Credit reporting,11292
2024,SC,Prepaid card,71
2024,DC,Vehicle loan or lease,68
2024,UT,Credit card,363
2024,MO,Prepaid card,101
2024,MI,Mortgage,532
2024,NE,Mortgage,70
2024,UT,Bank account,272
2024,DE,Vehicle loan or lease,105
2024,SC,Payday/personal loan,189
2024,MA,Mortgage,380
2024,AZ,Student loan,316
2024,ID,Bank account,142
2024,KY,Student loan,100
2024,UNITED STATES MINOR OUTLYING ISLANDS,Debt collection,48
2024,TN,Student loan,220
2024,DC,Debt collection,457
2024,KS,Payday/personal loan,48
2024,ID,Credit card,231
2024,NV,Mortgage,209
2024,ME,Payday/personal loan,13
2024,KS,Prepaid card,31
2024,MS,Prepaid card,72
2024,AK,Money transfer/crypto,30
2024,HI,Student loan,54
2024,WA,Vehicle loan or lease,114
2024,OK,Money transfer/crypto,111
2024,AP,Credit card,17
2024,AP,Bank account,9
2024,SC,Debt or credit management,72
2024,NH,Money transfer/crypto,52
2024,UNITED STATES MINOR OUTLYING ISLANDS,Vehicle loan or lease,2
2024,AE,Mortgage,3
2024,KS,Debt or credit management,9
2024,WV,Student loan,55
2024,ME,Prepaid card,19
2024,MS,Debt or credit management,39
2024,VT,Money transfer/crypto,11
2025,AK,Money transfer/crypto,70
2025,WV,Debt collection,959
2025,TX,Payday/personal loan,1577
2025,TN,Student loan,405
2025,ID,Money transfer/crypto,120
2025,OH,Vehicle loan or lease,647
2025,LA,Debt or credit management,74
2025,NV,Student loan,202
2025,DC,Debt collection,638
2025,MA,Payday/personal loan,165
2025,TX,Prepaid card,542
2025,MT,Money transfer/crypto,78
2025,VT,Credit card,77
2025,MA,Debt or credit management,97
2025,AE,Money transfer/crypto,15
2025,ME,Debt collection,193
2025,KS,Payday/personal loan,92
2025,SD,Payday/personal loan,20
2025,OK,Credit card,473
2025,MA,Prepaid card,136
2025,LA,Payday/personal loan,272
2025,LA,Prepaid card,89
2025,IA,Mortgage,105
2025,MI,Mortgage,564
2025,DC,Vehicle loan or lease,74
2025,VT,Bank account,56
2025,ME,Vehicle loan or lease,19
2025,WV,Vehicle loan or lease,43
2025,GU,Credit reporting,99
2025,KS,Debt or credit management,12
2025,RI,Mortgage,77
2025,KS,Prepaid card,30
2025,WY,Payday/personal loan,9
2025,VI,Debt collection,56
2025,VI,Vehicle loan or lease,1
2026,AL,Bank account,783
2026,GA,Payday/personal loan,620
2026,CA,Bank account,8757
2026,OK,Bank account,439
2026,GA,Prepaid card,176
2026,PA,Money transfer/crypto,948
2026,NM,Debt collection,501
2026,IN,Bank account,780
2026,PR,Payday/personal loan,30
2026,CO,Credit card,1091
2026,GA,Debt or credit management,160
2026,AL,Credit card,615
2026,DC,Debt collection,462
2026,MO,Money transfer/crypto,433
2026,NE,Money transfer/crypto,101
2026,ND,Credit card,53
2026,OH,Payday/personal loan,427
2026,SC,Bank account,965
2026,OK,Credit card,449
2026,CO,Bank account,1055
2026,MN,Credit card,690
2026,LA,Mortgage,360
2026,WV,Bank account,195
2026,UNITED STATES MINOR OUTLYING ISLANDS,Credit reporting,602
2026,VT,Credit reporting,567
2026,CT,Student loan,180
2026,ID,Payday/personal loan,45
2026,KS,Student loan,81
2026,OH,Prepaid card,122
2026,NV,Vehicle loan or lease,240
2026,OH,Debt or credit management,78
2026,TN,Payday/personal loan,298
2026,NM,Vehicle loan or lease,70
2026,ME,Mortgage,74
2026,AE,Credit card,34
2026,TN,Debt or credit management,67
2026,AK,Money transfer/crypto,57
2026,DE,Money transfer/crypto,104
2026,WA,Student loan,252
2026,WY,Money transfer/crypto,59
2026,AS,Credit reporting,123
2026,DC,Vehicle loan or lease,72
2026,HI,Student loan,91
2026,ID,Debt or credit management,12
2026,MT,Debt collection,197
2026,ND,Bank account,52
2026,MT,Vehicle loan or lease,38
2026,IA,Student loan,62
2026,AP,Bank account,11
2026,GU,Credit reporting,57
2017,PR,Credit card,59
2017,SD,Bank account,16
2017,VT,Mortgage,47
2017,RI,Credit reporting,146
2017,ID,Credit reporting,196
2017,IN,Payday/personal loan,67
2017,WY,Credit reporting,50
2017,MO,Money transfer/crypto,35
2017,KS,Payday/personal loan,35
2017,MT,Debt collection,87
2017,AZ,Other financial service,3
2015,MO,Mortgage,485
2016,SD,Debt collection,72
2017,DC,Prepaid card,4
2015,CA,Credit reporting,4383
2012,WV,Bank account,26
2013,AK,Vehicle loan or lease,3
2015,MD,Student loan,129
2015,CO,Prepaid card,18
2014,NY,Prepaid card,12
2016,SD,Vehicle loan or lease,18
2011,OK,Credit card,9
2015,NM,Vehicle loan or lease,30
2013,MN,Vehicle loan or lease,15
2015,MI,Money transfer/crypto,40
2015,CT,Vehicle loan or lease,61
2014,AL,Other financial service,2
2014,IA,Payday/personal loan,20
2015,FM,Debt collection,2
2014,ID,Payday/personal loan,18
2014,FL,Prepaid card,28
2015,NC,Prepaid card,60
2016,ND,Mortgage,30
2012,MS,Credit card,77
2015,TX,Prepaid card,123
2017,NE,Payday/personal loan,20
2017,ND,Payday/personal loan,9
2017,DC,Payday/personal loan,13
2017,HI,Money transfer/crypto,3
2017,AE,Vehicle loan or lease,2
2017,MT,Vehicle loan or lease,6
2018,NY,Money transfer/crypto,416
2018,VT,Mortgage,38
2018,PR,Bank account,31
2018,WV,Payday/personal loan,7
2018,NM,Student loan,21
2018,NH,Money transfer/crypto,12
2018,MO,Payday/personal loan,77
2018,AK,Credit reporting,99
2018,SD,Credit card,26
2018,AA,Credit card,1
2018,AA,Bank account,3
2018,AE,Credit reporting,43
2018,OK,Payday/personal loan,36
2020,KS,Credit card,187
2020,KS,Bank account,86
2020,GA,Student loan,176
2020,NH,Bank account,62
2020,KY,Student loan,33
2020,VT,Mortgage,37
2020,UNITED STATES MINOR OUTLYING ISLANDS,Vehicle loan or lease,1
2020,WY,Credit card,19
2020,NE,Payday/personal loan,10
2020,DE,Vehicle loan or lease,40
2020,MS,Money transfer/crypto,31
2020,HI,Vehicle loan or lease,18
2020,WY,Bank account,16
2020,UNITED STATES MINOR OUTLYING ISLANDS,Debt collection,15
2020,AK,Payday/personal loan,5
2022,LA,Mortgage,352
2022,ID,Credit reporting,578
2022,PR,Credit card,86
2022,AK,Credit card,48
2022,NJ,Student loan,273
2022,NV,Money transfer/crypto,180
2022,NE,Credit reporting,693
2022,SD,Credit card,45
2022,MD,Vehicle loan or lease,262
2022,MO,Payday/personal loan,108
2022,AK,Bank account,38
2022,VA,Payday/personal loan,165
2022,IA,Mortgage,72
2022,AL,Money transfer/crypto,118
2022,GU,Bank account,4
2022,KY,Payday/personal loan,44
2022,PR,Bank account,78
2022,AR,Payday/personal loan,31
2022,SD,Bank account,53
2022,DC,Student loan,60
2022,OK,Payday/personal loan,51
2022,ND,Payday/personal loan,6
2022,KS,Money transfer/crypto,79
2022,AE,Debt collection,18
2022,HI,Student loan,24
2022,MT,Payday/personal loan,5
2022,AE,Vehicle loan or lease,1
2014,VI,Credit reporting,5
2014,MO,Money transfer/crypto,13
2016,GU,Debt collection,7
2013,KS,Bank account,43
2015,PA,Money transfer/crypto,64
2012,MA,Payday/personal loan,15
2016,ID,Student loan,27
2013,ID,Student loan,10
2013,AZ,Payday/personal loan,15
2016,HI,Credit card,78
2012,OH,Payday/personal loan,33
2012,CO,Student loan,41
2014,AR,Student loan,22
2013,NH,Debt collection,31
2015,WV,Vehicle loan or lease,21
2014,AE,Mortgage,18
2016,AS,Debt collection,3
2011,RI,Credit card,3
2016,AK,Payday/personal loan,4
2014,UT,Bank account,68
2016,NV,Student loan,52
2013,IN,Payday/personal loan,5
2013,MO,Payday/personal loan,14
2014,SC,Vehicle loan or lease,58
2016,AR,Money transfer/crypto,8
2015,UT,Payday/personal loan,19
2014,FM,Other financial service,1
2012,WI,Credit reporting,17
2012,AP,Mortgage,7
2014,WY,Vehicle loan or lease,3
2015,PR,Other financial service,1
2018,AP,Bank account,4
2021,CA,Bank account,4408
2021,GA,Mortgage,1243
2021,CA,Credit card,4738
2021,VA,Debt collection,1880
2021,SC,Credit reporting,7181
2021,AZ,Debt collection,1448
2021,TX,Credit card,2305
2021,FL,Debt collection,7678
2021,TX,Bank account,2239
2021,TN,Credit reporting,8775
2021,MD,Debt collection,1644
2021,FL,Vehicle loan or lease,819
2021,NV,Credit reporting,3885
2021,NY,Mortgage,1434
2021,IN,Payday/personal loan,46
2021,RI,Credit card,135
2021,NJ,Debt collection,1827
2021,AZ,Vehicle loan or lease,160
2021,NC,Mortgage,790
2021,AR,Payday/personal loan,19
2021,VA,Vehicle loan or lease,226
2021,OK,Mortgage,177
2021,NJ,Vehicle loan or lease,314
2021,MO,Student loan,53
2021,WI,Bank account,255
2021,ME,Debt collection,95
2021,CT,Money transfer/crypto,139
2021,NH,Credit card,91
2021,OR,Payday/personal loan,42
2021,MD,Vehicle loan or lease,215
2021,WI,Credit card,315
2021,NH,Bank account,103
2021,NE,Debt collection,150
2021,MT,Credit reporting,161
2026,AE,Bank account,10
2026,ID,Prepaid card,20
2023,KS,Debt or credit management,4
2023,MN,Debt or credit management,4
2023,ND,Debt or credit management,1
2024,ND,Money transfer/crypto,16
2025,WY,Debt or credit management,3
2025,SD,Debt or credit management,8
2025,UNITED STATES MINOR OUTLYING ISLANDS,Money transfer/crypto,7
2025,WY,Prepaid card,5
2025,SD,Prepaid card,8
2026,MP,Debt collection,6
2026,PW,Debt collection,1
2026,PR,Prepaid card,2
2026,AP,Credit card,23
2016,CO,Prepaid card,26
2011,MO,Mortgage,17
2015,MS,Money transfer/crypto,9
2012,MP,Bank account,1
2012,AL,Credit reporting,15
2014,RI,Vehicle loan or lease,19
2015,MT,Student loan,11
2015,DE,Money transfer/crypto,7
2013,AP,Mortgage,9
2011,AZ,Credit card,24
2014,IN,Vehicle loan or lease,41
2012,MI,Credit reporting,40
2012,SC,Vehicle loan or lease,15
2015,AK,Mortgage,30
2014,NM,Money transfer/crypto,6
2014,PR,Payday/personal loan,6
2015,VA,Other financial service,6
2013,NV,Payday/personal loan,12
2014,NH,Vehicle loan or lease,10
2016,MO,Prepaid card,16
2016,AZ,Other financial service,6
2011,AL,Credit card,10
2015,AL,Money transfer/crypto,13
2014,PW,Student loan,1
2016,FM,Payday/personal loan,1
2014,AP,Mortgage,10
2012,GU,Mortgage,4
2013,SD,Student loan,7
2013,MD,Money transfer/crypto,18
2012,MP,Credit card,1
2014,IL,Other financial service,2
2012,NE,Student loan,16
2018,SD,Bank account,22
2018,VI,Debt collection,4
2018,HI,Payday/personal loan,10
2018,WY,Student loan,13
2018,ND,Bank account,3
2018,VI,Vehicle loan or lease,1
2020,VI,Student loan,2
2021,IL,Mortgage,976
2021,MA,Mortgage,615
2021,AL,Payday/personal loan,61
2021,ID,Mortgage,77
2021,DC,Student loan,55
2021,NE,Vehicle loan or lease,23
2021,LA,Student loan,52
2021,RI,Bank account,93
2021,MS,Money transfer/crypto,45
2021,VT,Payday/personal loan,6
2021,PR,Vehicle loan or lease,12
2021,IA,Payday/personal loan,17
2021,PR,Debt collection,94
2021,ND,Mortgage,10
2023,ND,Payday/personal loan,4
2015,UT,Prepaid card,7
2015,WI,Money transfer/crypto,16
2013,WA,Money transfer/crypto,11
2014,SD,Student loan,9
2015,HI,Student loan,11
2012,IA,Vehicle loan or lease,4
2019,PA,Credit reporting,4550
2019,TX,Debt collection,6065
2019,OR,Credit card,327
2019,CA,Credit reporting,16113
2019,FL,Credit card,2183
2019,NV,Debt collection,801
2019,FL,Bank account,1864
2019,MI,Bank account,463
2019,KS,Credit reporting,501
2019,OK,Debt collection,375
2019,UT,Mortgage,135
2019,KY,Mortgage,143
2019,NC,Credit card,677
2019,NJ,Mortgage,978
2019,IL,Student loan,296
2019,NY,Student loan,541
2019,AL,Bank account,166
2019,WA,Mortgage,563
2019,TX,Vehicle loan or lease,444
2019,MA,Mortgage,548
2019,DC,Debt collection,209
2019,NC,Bank account,548
2019,MI,Credit card,570
2019,VA,Money transfer/crypto,119
2019,IA,Payday/personal loan,18
2019,OR,Bank account,221
2019,VI,Credit reporting,14
2019,SD,Credit reporting,66
2019,AL,Credit card,208
2019,CT,Mortgage,316
2019,AR,Bank account,85
2019,HI,Credit card,96
2019,AE,Student loan,5
2019,IN,Student loan,115
2019,AR,Credit card,105
2019,NV,Vehicle loan or lease,86
2019,HI,Bank account,37
2019,CO,Student loan,150
2019,NE,Payday/personal loan,8
2019,MN,Student loan,133
2019,GA,Money transfer/crypto,204
2019,TN,Payday/personal loan,143
2023,AP,Mortgage,4
2024,GU,Mortgage,1
2026,PR,Debt or credit management,4
2026,AA,Mortgage,5
2016,OR,Money transfer/crypto,17
2016,AK,Prepaid card,2
2016,WV,Prepaid card,6
2014,MA,Other financial service,5
2015,VI,Credit card,11
2012,IN,Payday/personal loan,6
2015,WY,Student loan,2
2015,DC,Money transfer/crypto,9
2011,ID,Credit card,2
2015,KS,Student loan,14
2012,VT,Vehicle loan or lease,8
2016,AP,Bank account,4
2011,NE,Credit card,2
2016,VI,Money transfer/crypto,2
2012,ND,Student loan,5
2016,WV,Payday/personal loan,7
2013,AS,Bank account,2
2017,PR,Other financial service,1
2017,KS,Prepaid card,1
2019,LA,Student loan,75
2019,AK,Student loan,12
2019,MO,Student loan,110
2019,PR,Debt collection,94
2019,MS,Money transfer/crypto,25
2019,SC,Money transfer/crypto,50
2019,NH,Credit reporting,195
2019,PR,Vehicle loan or lease,16
2019,ND,Debt collection,45
2019,RI,Payday/personal loan,9
2019,WI,Payday/personal loan,54
2019,OK,Vehicle loan or lease,35
2019,ME,Money transfer/crypto,9
2020,AE,Payday/personal loan,1
2022,AP,Mortgage,3
2016,RI,Other financial service,3
2016,DC,Other financial service,5
2015,GU,Vehicle loan or lease,1
2017,IN,Prepaid card,5
2011,ND,Mortgage,1
2021,NM,Mortgage,111
2016,MI,Other financial service,5
2021,CO,Student loan,65
2021,ME,Vehicle loan or lease,15
2021,KY,Student loan,26
2021,DE,Money transfer/crypto,48
2021,UT,Payday/personal loan,30
2021,WV,Money transfer/crypto,33
2021,VI,Payday/personal loan,1
2021,UNITED STATES MINOR OUTLYING ISLANDS,Money transfer/crypto,7
2022,GU,Credit card,3
2014,KY,Other financial service,2
2013,ME,Payday/personal loan,5
2012,WY,Payday/personal loan,1
2026,VI,Money transfer/crypto,4
2014,FM,Credit card,1
2013,LA,Money transfer/crypto,3
2016,GU,Vehicle loan or lease,2
2013,WY,Student loan,3
2013,FM,Debt collection,1
2013,MH,Debt collection,1
2013,NE,Money transfer/crypto,3
2013,ND,Student loan,1
2015,AE,Payday/personal loan,5
2016,AE,Vehicle loan or lease,4
2020,SD,Payday/personal loan,3
2014,IA,Prepaid card,3
2014,DC,Other financial service,1
2014,MS,Money transfer/crypto,2
2012,AE,Payday/personal loan,1
2021,GU,Payday/personal loan,2
2023,ND,Prepaid card,1
2023,AA,Student loan,1
2014,MT,Prepaid card,1
2017,AS,Payday/personal loan,1
2012,AK,Payday/personal loan,1
2014,GU,Money transfer/crypto,1
2013,AS,Credit card,1
2019,DC,Vehicle loan or lease,21
2019,ND,Vehicle loan or lease,4
2019,WY,Student loan,4
2019,ID,Money transfer/crypto,11
2019,AP,Debt collection,12
2019,MT,Money transfer/crypto,3
2019,AP,Vehicle loan or lease,2
2019,UNITED STATES MINOR OUTLYING ISLANDS,Money transfer/crypto,1
2021,AE,Payday/personal loan,1
2023,GU,Money transfer/crypto,1
2015,FM,Vehicle loan or lease,1
2023,VI,Payday/personal loan,1
2016,HI,Other financial service,1
2015,AP,Bank account,1
2019,MP,Credit reporting,2
